-- Base de datos ficticia para chatbot empresarial con RAG
-- Generada desde: informe materiales/redes, informe cosecha y mantenciones
-- Todos los datos son de prueba/anónimos.

DROP DATABASE IF EXISTS chatbot_transportes_rag;
CREATE DATABASE chatbot_transportes_rag CHARACTER SET utf8mb4 COLLATE utf8mb4_unicode_ci;
USE chatbot_transportes_rag;

SET FOREIGN_KEY_CHECKS = 0;

CREATE TABLE conductores (
  id_conductor INT PRIMARY KEY,
  nombre VARCHAR(120) NOT NULL UNIQUE
) ENGINE=InnoDB DEFAULT CHARSET=utf8mb4 COLLATE=utf8mb4_unicode_ci;

CREATE TABLE equipos (
  id_equipo INT PRIMARY KEY,
  patente VARCHAR(20) NOT NULL UNIQUE,
  tipo_equipo VARCHAR(30) NOT NULL
) ENGINE=InnoDB DEFAULT CHARSET=utf8mb4 COLLATE=utf8mb4_unicode_ci;

CREATE TABLE viajes_materiales_redes (
  id_viaje INT PRIMARY KEY,
  centro VARCHAR(100),
  orden_control_int INT,
  fecha_salida DATE,
  tipo_camion VARCHAR(30),
  origen VARCHAR(120),
  destino VARCHAR(120),
  id_conductor INT,
  conductor VARCHAR(120),
  id_tracto INT,
  patente_tracto VARCHAR(20),
  id_rampla INT,
  patente_rampla VARCHAR(20),
  guias VARCHAR(255),
  tarifa_flete DECIMAL(12,2),
  fuente VARCHAR(80) DEFAULT 'informe_materiales_redes',
  FOREIGN KEY (id_conductor) REFERENCES conductores(id_conductor),
  FOREIGN KEY (id_tracto) REFERENCES equipos(id_equipo),
  FOREIGN KEY (id_rampla) REFERENCES equipos(id_equipo)
) ENGINE=InnoDB DEFAULT CHARSET=utf8mb4 COLLATE=utf8mb4_unicode_ci;

CREATE TABLE viajes_cosecha (
  id_viaje INT PRIMARY KEY,
  centro VARCHAR(100),
  orden_control_int INT,
  fecha_salida DATE,
  tipo_camion VARCHAR(30),
  origen VARCHAR(120),
  destino VARCHAR(120),
  id_conductor INT,
  conductor VARCHAR(120),
  id_tracto INT,
  patente_tracto VARCHAR(20),
  id_rampla INT,
  patente_rampla VARCHAR(20),
  guias VARCHAR(255),
  tarifa_flete DECIMAL(12,2),
  fuente VARCHAR(80) DEFAULT 'informe_cosecha'
) ENGINE=InnoDB DEFAULT CHARSET=utf8mb4 COLLATE=utf8mb4_unicode_ci;

CREATE TABLE mantenciones (
  id_mantencion INT PRIMARY KEY,
  id_equipo INT,
  patente VARCHAR(20),
  fecha DATE,
  tipo_mantencion VARCHAR(30),
  motivo VARCHAR(255),
  costo_repuestos DECIMAL(12,2),
  costo_mano_obra DECIMAL(12,2),
  costo_total DECIMAL(12,2),
  fuente VARCHAR(80) DEFAULT 'mantenciones_equipos',
  FOREIGN KEY (id_equipo) REFERENCES equipos(id_equipo)
) ENGINE=InnoDB DEFAULT CHARSET=utf8mb4 COLLATE=utf8mb4_unicode_ci;

CREATE TABLE documentos_rag (
  id_documento INT AUTO_INCREMENT PRIMARY KEY,
  tipo_documento VARCHAR(80),
  referencia_tabla VARCHAR(80),
  referencia_id INT,
  contenido TEXT
) ENGINE=InnoDB DEFAULT CHARSET=utf8mb4 COLLATE=utf8mb4_unicode_ci;

INSERT INTO conductores (id_conductor, nombre) VALUES
(1, 'Benjamín Castro'),
(2, 'Benjamín Rojas'),
(3, 'Camila Soto'),
(4, 'Cristóbal Díaz'),
(5, 'Daniela Contreras'),
(6, 'Diego Fuentes'),
(7, 'Diego Muñoz'),
(8, 'Esteban Lagos'),
(9, 'Felipe Navarro'),
(10, 'Felipe Vargas'),
(11, 'Francisca Silva'),
(12, 'Ignacio Pérez'),
(13, 'Javiera Morales'),
(14, 'Matías Rojas'),
(15, 'Matías Soto'),
(16, 'Nicolás Fuentes'),
(17, 'Nicolás Vera'),
(18, 'Paula Navarro'),
(19, 'Rodrigo Salinas'),
(20, 'Sebastián Cárdenas'),
(21, 'Sebastián Reyes'),
(22, 'Tomás Araya'),
(23, 'Tomás Paredes'),
(24, 'Valentina Herrera'),
(25, 'Álvaro Muñoz');

INSERT INTO equipos (id_equipo, patente, tipo_equipo) VALUES
(1, 'AF 6384', 'RAMPLA'),
(2, 'AF 9110', 'RAMPLA'),
(3, 'AV 8344', 'RAMPLA'),
(4, 'BI 4751', 'RAMPLA'),
(5, 'BVRN 76', 'NO CLASIFICADO'),
(6, 'BXQP61', 'TRACTO'),
(7, 'CDDF 59', 'NO CLASIFICADO'),
(8, 'CJDX 58', 'NO CLASIFICADO'),
(9, 'CNJF 40', 'NO CLASIFICADO'),
(10, 'CSZH 93', 'NO CLASIFICADO'),
(11, 'CVRP26', 'TRACTO'),
(12, 'CZHM 32', 'NO CLASIFICADO'),
(13, 'DEAQ 49', 'TRACTO'),
(14, 'DP 2996', 'RAMPLA'),
(15, 'DY 4013', 'RAMPLA'),
(16, 'ENNE 39', 'TRACTO'),
(17, 'EOXV 57', 'TRACTO'),
(18, 'EX 2563', 'RAMPLA'),
(19, 'FMVW 96', 'NO CLASIFICADO'),
(20, 'FN 6627', 'RAMPLA'),
(21, 'GLMN45', 'TRACTO'),
(22, 'GPPH 23', 'TRACTO'),
(23, 'GSZP 21', 'NO CLASIFICADO'),
(24, 'HA 7809', 'RAMPLA'),
(25, 'HBLX10', 'RAMPLA'),
(26, 'HM 3157', 'RAMPLA'),
(27, 'HZTW83', 'TRACTO'),
(28, 'IH 3752', 'RAMPLA'),
(29, 'IIPB 61', 'TRACTO'),
(30, 'JA 7038', 'RAMPLA'),
(31, 'JCCJ 54', 'NO CLASIFICADO'),
(32, 'JLTD 91', 'NO CLASIFICADO'),
(33, 'JQFW99', 'RAMPLA'),
(34, 'JSMP 89', 'TRACTO'),
(35, 'LJXF34', 'TRACTO'),
(36, 'LK 1137', 'RAMPLA'),
(37, 'LL 1284', 'RAMPLA'),
(38, 'LQGR 40', 'TRACTO'),
(39, 'MDXF72', 'TRACTO'),
(40, 'MI 3671', 'RAMPLA'),
(41, 'MIXN 42', 'TRACTO'),
(42, 'MK 2220', 'RAMPLA'),
(43, 'MKDT88', 'RAMPLA'),
(44, 'NCLJ77', 'RAMPLA'),
(45, 'ND 3802', 'RAMPLA'),
(46, 'NHGR 36', 'NO CLASIFICADO'),
(47, 'NN 9110', 'RAMPLA'),
(48, 'NVHC18', 'TRACTO'),
(49, 'OH 3174', 'RAMPLA'),
(50, 'PCKT 11', 'NO CLASIFICADO'),
(51, 'PKRT52', 'TRACTO'),
(52, 'PLBS 32', 'NO CLASIFICADO'),
(53, 'PRXP 81', 'NO CLASIFICADO'),
(54, 'QJLS54', 'TRACTO'),
(55, 'RC 9783', 'RAMPLA'),
(56, 'RKPT39', 'TRACTO'),
(57, 'RPHG66', 'RAMPLA'),
(58, 'RRFK 85', 'NO CLASIFICADO'),
(59, 'RY 7020', 'RAMPLA'),
(60, 'RY 7051', 'RAMPLA'),
(61, 'SVKR55', 'RAMPLA'),
(62, 'SYDM77', 'TRACTO'),
(63, 'TRKL29', 'TRACTO'),
(64, 'TXMD44', 'RAMPLA'),
(65, 'VLHY 82', 'NO CLASIFICADO'),
(66, 'VNVQ 69', 'TRACTO'),
(67, 'VSJF 55', 'NO CLASIFICADO'),
(68, 'VXPK 69', 'NO CLASIFICADO'),
(69, 'WBKL 14', 'NO CLASIFICADO'),
(70, 'WE 1425', 'RAMPLA'),
(71, 'WQ 9504', 'RAMPLA'),
(72, 'WQNB33', 'RAMPLA'),
(73, 'WTND 23', 'NO CLASIFICADO'),
(74, 'WWHY 41', 'NO CLASIFICADO'),
(75, 'WZSK 28', 'NO CLASIFICADO'),
(76, 'WZWV 13', 'TRACTO'),
(77, 'XI 3759', 'RAMPLA'),
(78, 'YLPC22', 'RAMPLA'),
(79, 'YX 8441', 'RAMPLA'),
(80, 'YXCC 50', 'NO CLASIFICADO'),
(81, 'ZKXD 62', 'NO CLASIFICADO'),
(82, 'ZMZW 30', 'NO CLASIFICADO'),
(83, 'ZRHF11', 'RAMPLA');

INSERT INTO viajes_materiales_redes (id_viaje, centro, orden_control_int, fecha_salida, tipo_camion, origen, destino, id_conductor, conductor, id_tracto, patente_tracto, id_rampla, patente_rampla, guias, tarifa_flete, fuente) VALUES
(1, 'AREA CHAFFERS', 89313, '2026-05-25', 'CHA', 'MUELLE CONTEX', 'PARCELA FARMING', 25, 'Álvaro Muñoz', 34, 'JSMP 89', 2, 'AF 9110', '575409-575397-575398-575399-575400-575596-575016', 810752.30, 'informe_materiales_redes'),
(2, 'ABTAO', 89489, '2026-05-26', 'CS', 'TALLER ANGELICA', 'INGERED', 9, 'Felipe Navarro', 41, 'MIXN 42', NULL, NULL, '12464-12465', 128028.97, 'informe_materiales_redes'),
(3, 'PUYUHUAPI', 89493, '2026-05-26', 'CHA', 'PARCELA FARMING', 'MUELLE CONTEX', 6, 'Diego Fuentes', 16, 'ENNE 39', 28, 'IH 3752', '576093', 1034741.50, 'informe_materiales_redes'),
(4, 'PUYUHUAPI', 89493, '2026-05-26', 'CHA', 'MUELLE CONTEX', 'PARCELA FARMING', 20, 'Sebastián Cárdenas', 16, 'ENNE 39', NULL, NULL, '575556-572081-572868', 810752.30, 'informe_materiales_redes'),
(5, 'PUYUHUAPI I', 89494, '2026-05-26', 'CC', 'PARCELA FARMING', 'MUELLE CONTEX', 20, 'Sebastián Cárdenas', 41, 'MIXN 42', NULL, NULL, '576188-576189', 485894.67, 'informe_materiales_redes'),
(6, 'PUYUHUAPI', 89494, '2026-05-26', 'CC', 'MUELLE CONTEX', 'PARCELA FARMING', 25, 'Álvaro Muñoz', 41, 'MIXN 42', NULL, NULL, '575556-572081-572868', 380713.66, 'informe_materiales_redes'),
(7, 'PUYUHUAPI II', 89509, '2026-05-27', 'RA', 'JOMARNETS TRAPEN', 'INGERED', 19, 'Rodrigo Salinas', 34, 'JSMP 89', 79, 'YX 8441', '11703', 165684.54, 'informe_materiales_redes'),
(8, 'PEARSON', 89511, '2026-05-27', 'CS', 'INGERED', 'PARCELA FARMING', 17, 'Nicolás Vera', 66, 'VNVQ 69', NULL, NULL, '4017', 128028.97, 'informe_materiales_redes'),
(9, 'CORDILLERA', 89521, '2026-05-28', 'CC', 'PARCELA FARMING', 'EMPORMONTT PM', 2, 'Benjamín Rojas', 41, 'MIXN 42', 37, 'LL 1284', '576635-576636-576637-576638-576639-576640-576641-576642-576643-576644-576645-576646-576647-2101-2102', 165684.54, 'informe_materiales_redes'),
(10, 'CORDILLERA', 89521, '2026-05-28', 'CC', 'EMPORMONTT PM', 'PARCELA FARMING', 9, 'Felipe Navarro', 41, 'MIXN 42', 55, 'RC 9783', '576298-576303-576576-576577', 165684.54, 'informe_materiales_redes'),
(11, 'AREA CHAFFERS', 89533, '2026-06-01', 'RA', 'MUELLE CONTEX', 'PARCELA FARMING', 19, 'Rodrigo Salinas', 76, 'WZWV 13', 30, 'JA 7038', '577215-577052-577057-577216-577217-577224-577242-577488', 380713.66, 'informe_materiales_redes'),
(12, 'MARCACCI', 89535, '2026-05-29', 'CS', 'PARCELA FARMING', 'MUELLE CABO FROWARD', 15, 'Matías Soto', 66, 'VNVQ 69', NULL, NULL, '576891-576892', 158543.71, 'informe_materiales_redes'),
(13, 'TARABA 2', 89559, '2026-05-29', 'CSP', 'WALBUSCH', 'PARCELA FARMING', 17, 'Nicolás Vera', 38, 'LQGR 40', NULL, NULL, '28074', 128028.97, 'informe_materiales_redes'),
(14, 'ARBOLITO / IZAZA', 89570, '2026-06-01', 'RA', 'PARCELA FARMING', 'MUELLE CONTEX', 6, 'Diego Fuentes', 13, 'DEAQ 49', 70, 'WE 1425', '577454-577455-577456', 485894.67, 'informe_materiales_redes'),
(15, 'PUYUHUAPI', 89570, '2026-06-01', 'CB', 'MUELLE CONTEX', 'PARCELA FARMING', 25, 'Álvaro Muñoz', 13, 'DEAQ 49', NULL, NULL, '577568', 1153442.15, 'informe_materiales_redes'),
(16, 'ARBOLITO', 89580, '2026-06-02', 'CS', 'SCALE', 'PARCELA FARMING', 19, 'Rodrigo Salinas', 38, 'LQGR 40', NULL, NULL, '62384-62385-62386-62387-62388', 128028.97, 'informe_materiales_redes'),
(17, 'AREA CHAFFERS', 89587, '2026-06-02', 'RA', 'MUELLE CONTEX', 'PARCELA FARMING', 25, 'Álvaro Muñoz', 76, 'WZWV 13', NULL, NULL, '577582-577428-577426-577359-577424-577416-577267-577281', 380713.66, 'informe_materiales_redes'),
(18, 'CORDILLERA', 89595, '2026-06-03', 'RA', 'PARCELA FARMING', 'EMPORMONTT PM', 23, 'Tomás Paredes', 17, 'EOXV 57', 59, 'RY 7020', '577975-577976-577977-577978', 165684.54, 'informe_materiales_redes'),
(19, 'CORDILLERA', 89595, '2026-06-03', 'RA', 'EMPORMONTT PM', 'PARCELA FARMING', 17, 'Nicolás Vera', 17, 'EOXV 57', NULL, NULL, '577410-577406-577286-577284-577277-577279', 165684.54, 'informe_materiales_redes'),
(20, 'SAN LUIS', 89604, '2026-06-03', 'CS', 'MAQSUR', 'EMPORMONTT PM', 15, 'Matías Soto', 38, 'LQGR 40', NULL, NULL, '11850', 128028.97, 'informe_materiales_redes'),
(21, 'MELINKA', 89612, '2026-06-03', 'RA', 'PARCELA FARMING', 'MUELLE CONTEX', 19, 'Rodrigo Salinas', 76, 'WZWV 13', 77, 'XI 3759', '578091-578092-578093-578094-578095-578096-578097-578098-578099-578100-878101-578102-578103-578104-578105-578106-578107-578108', 485894.67, 'informe_materiales_redes'),
(22, 'DALCAHUE', 89612, '2026-06-03', 'RA', 'QUELLON - CHONCHI', 'PARCELA FARMING', 2, 'Benjamín Rojas', 76, 'WZWV 13', 60, 'RY 7051', '11093', 380713.66, 'informe_materiales_redes'),
(23, 'CHAPARANO', 89631, '2026-06-05', 'CS', 'PARCELA FARMING', 'ASTILLERO PANITAO', 20, 'Sebastián Cárdenas', 66, 'VNVQ 69', NULL, NULL, '578556-578555', 128028.97, 'informe_materiales_redes'),
(24, 'NINUALAC / CHALACAYEC', 89632, '2026-06-04', 'CS', 'PARCELA FARMING', 'MUELLE CABO FROWARD', 17, 'Nicolás Vera', 38, 'LQGR 40', NULL, NULL, '578249-578250', 158543.71, 'informe_materiales_redes'),
(25, 'MELINKA', 89633, '2026-06-05', 'RA', 'TOPTAINER', 'PARCELA FARMING', 19, 'Rodrigo Salinas', 76, 'WZWV 13', NULL, NULL, '3066', 165684.54, 'informe_materiales_redes'),
(26, 'MELINKA', 89635, '2026-06-05', 'RA', 'PARCELA FARMING', 'MUELLE CONTEX', 6, 'Diego Fuentes', 76, 'WZWV 13', 1, 'AF 6384', '578698-578699-578700-578701-578702-578703-578704-578705', 485894.67, 'informe_materiales_redes'),
(27, 'AREA CHAFFERS', 89635, '2026-06-05', 'RA', 'MUELLE CONTEX', 'PARCELA FARMING', 17, 'Nicolás Vera', 76, 'WZWV 13', 45, 'ND 3802', '577627-577628-577251-577252-577253-577254-577250-577238-577627-577628-578129-578333', 380713.66, 'informe_materiales_redes'),
(28, 'MELINKA', 89637, '2026-06-05', 'RA', 'PARCELA FARMING', 'TOPTAINER', 8, 'Esteban Lagos', 17, 'EOXV 57', NULL, NULL, '578606', 165684.54, 'informe_materiales_redes'),
(29, 'MELINKA', 89637, '2026-06-05', 'RA', 'TOPTAINER', 'PARCELA FARMING', 2, 'Benjamín Rojas', 17, 'EOXV 57', 20, 'FN 6627', '3067', 165684.54, 'informe_materiales_redes'),
(30, 'PEARSON', 89638, '2026-06-05', 'CSP', 'MAESTRANZA BARRA', 'PARCELA FARMING', 25, 'Álvaro Muñoz', 38, 'LQGR 40', NULL, NULL, '30', 128028.97, 'informe_materiales_redes'),
(31, 'DARWIN', 89658, '2026-06-05', 'RA', 'PARCELA FARMING', 'TOPTAINER', 20, 'Sebastián Cárdenas', 17, 'EOXV 57', 4, 'BI 4751', '578674', 165684.54, 'informe_materiales_redes'),
(32, 'CORDILLERA', 89667, '2026-06-08', 'CS', 'PARCELA FARMING', 'EMPORMONTT PM', 15, 'Matías Soto', 41, 'MIXN 42', NULL, NULL, '579020-579021-579022-579023', 128028.97, 'informe_materiales_redes'),
(33, 'ABTAO', 89668, '2026-06-08', 'CS', 'INGERED', 'PARCELA FARMING', 25, 'Álvaro Muñoz', 66, 'VNVQ 69', NULL, NULL, '4024', 128028.97, 'informe_materiales_redes'),
(34, 'ABTAO', 89669, '2026-06-08', 'CC', 'INGERED', 'PARCELA FARMING', 2, 'Benjamín Rojas', 41, 'MIXN 42', NULL, NULL, '4025', 165684.54, 'informe_materiales_redes'),
(35, 'ABTAO', 89669, '2026-06-08', 'CC', 'PARCELA FARMING', 'EMPORMONTT PM', 6, 'Diego Fuentes', 41, 'MIXN 42', 40, 'MI 3671', '579214-579215', 165684.54, 'informe_materiales_redes'),
(36, 'CORDILLERA', 89685, '2026-06-09', 'CSP', 'PARCELA FARMING', 'LLAGUEPE - CHAPARANO', 25, 'Álvaro Muñoz', 38, 'LQGR 40', NULL, NULL, '579371-579372', 394733.21, 'informe_materiales_redes'),
(37, 'LLAGUEPE / CHAPARANO', 89685, '2026-06-09', 'CSP', 'LLAGUEPE - CHAPARANO', 'PARCELA FARMING', 25, 'Álvaro Muñoz', 38, 'LQGR 40', NULL, NULL, '579426-579472-579475', 394733.21, 'informe_materiales_redes'),
(38, 'MELINKA', 89688, '2026-06-09', 'RA', 'PARCELA FARMING', 'MUELLE CONTEX', 17, 'Nicolás Vera', 76, 'WZWV 13', 49, 'OH 3174', '579427-579428-579429-579430-579431-579432-579433-579434-579435-579436-579437-579438-579439-579440-579441-579442-579443', 485894.67, 'informe_materiales_redes'),
(39, 'PUYUHUAPI', 89688, '2026-06-09', 'CHA', 'MUELLE CONTEX', 'PARCELA FARMING', 20, 'Sebastián Cárdenas', 76, 'WZWV 13', 24, 'HA 7809', '578235-578331', 810752.30, 'informe_materiales_redes'),
(40, 'PUYUHUAPI', 89703, '2026-06-12', 'RA', 'SALMONET', 'PARCELA FARMING', 17, 'Nicolás Vera', 34, 'JSMP 89', 15, 'DY 4013', '11121', 342710.63, 'informe_materiales_redes'),
(41, 'DALCAHUE', 89704, '2026-06-10', 'CHA', 'PARCELA FARMING', 'MUELLE CABO FROWARD', 6, 'Diego Fuentes', 22, 'GPPH 23', 26, 'HM 3157', '579699-579700-579701-579702-579703-579704-579705-579706-579707-579708-579709', 326318.84, 'informe_materiales_redes'),
(42, 'ABTAO', 89704, '2026-06-10', 'CHA', 'MUELLE CABO FROWARD', 'PARCELA FARMING', 9, 'Felipe Navarro', 22, 'GPPH 23', 36, 'LK 1137', '579710-579711', 277855.64, 'informe_materiales_redes'),
(43, 'PEARSON / DELTA', 89708, '2026-06-09', 'CC', 'INGERED', 'PARCELA FARMING', 17, 'Nicolás Vera', 41, 'MIXN 42', 71, 'WQ 9504', '4027-4028-4029', 165684.54, 'informe_materiales_redes'),
(44, 'DALCAHUE', 89724, '2026-06-11', 'CSP', 'PARCELA FARMING', 'TALLER HDLD WELD', 2, 'Benjamín Rojas', 38, 'LQGR 40', NULL, NULL, '579957', 128028.97, 'informe_materiales_redes'),
(45, 'ISLA CABRAS', 89725, '2026-06-11', 'CSP', 'DIPERK', 'PICHICOLO', 2, 'Benjamín Rojas', 38, 'LQGR 40', NULL, NULL, '1942404', 454475.71, 'informe_materiales_redes'),
(46, 'CORDILLERA', 89740, '2026-06-11', 'RA', 'TOPTAINER', 'PARCELA FARMING', 23, 'Tomás Paredes', 22, 'GPPH 23', NULL, NULL, '3079', 165684.54, 'informe_materiales_redes'),
(47, 'MELINKA', 89741, '2026-06-11', 'RA', 'TOPTAINER', 'PARCELA FARMING', 15, 'Matías Soto', 76, 'WZWV 13', 3, 'AV 8344', '3077', 165684.54, 'informe_materiales_redes'),
(48, 'PUYUHUAPI I', 89747, '2026-06-12', 'RA', 'PARCELA FARMING', 'MUELLE CASTRO', 2, 'Benjamín Rojas', 34, 'JSMP 89', 14, 'DP 2996', '580303-580304', 420884.99, 'informe_materiales_redes'),
(49, 'QUELLON', 89747, '2026-06-12', 'RA', 'MUELLE CONTEX', 'TOPTAINER', 19, 'Rodrigo Salinas', 34, 'JSMP 89', 18, 'EX 2563', '580306', 380713.66, 'informe_materiales_redes'),
(50, 'ABTAO', 89770, '2026-06-15', 'CS', 'BADINOTTI', 'INGERED', 20, 'Sebastián Cárdenas', 41, 'MIXN 42', NULL, NULL, '4009', 128028.97, 'informe_materiales_redes'),
(51, 'ABTAO', 89773, '2026-06-15', 'RA', 'MAQSUR - SCALE', 'PARCELA FARMING', 23, 'Tomás Paredes', 22, 'GPPH 23', 47, 'NN 9110', '11939-62498', 165684.54, 'informe_materiales_redes'),
(52, 'ARBOLITO', 89775, '2026-06-15', 'CSP', 'MAESTRANZA BARRA', 'PARCELA FARMING', 19, 'Rodrigo Salinas', 38, 'LQGR 40', NULL, NULL, '31', 128028.97, 'informe_materiales_redes'),
(53, 'AREA CHAFFERS', 81978, '2026-06-01', 'RA', 'MUELLE CONTEX', 'PARCELA SANCHEZ QUELLON', 23, 'Tomás Paredes', 29, 'IIPB 61', NULL, NULL, '577215-577216-577217-577224-577052-577057-577242-577488', 128028.97, 'informe_materiales_redes'),
(54, 'AREA CHAFFERS', 81979, '2026-06-02', 'RA', 'MUELLE CONTEX', 'PARCELA SANCHEZ QUELLON', 9, 'Felipe Navarro', 29, 'IIPB 61', NULL, NULL, '577267-577281-577359-577416-577424-577426-577428-577582', 128028.97, 'informe_materiales_redes'),
(55, 'PUYUHUAPI', 81980, '2026-06-05', 'CHA', 'MUELLE CONTEX', 'PARCELA SANCHEZ QUELLON', 17, 'Nicolás Vera', 29, 'IIPB 61', NULL, NULL, '578235-578331', 128028.97, 'informe_materiales_redes'),
(56, 'QUELLON', 81981, '2026-06-12', 'RA', 'MUELLE CONTEX', 'PARCELA SANCHEZ QUELLON', 25, 'Álvaro Muñoz', 29, 'IIPB 61', 42, 'MK 2220', '580306', 128028.97, 'informe_materiales_redes');

INSERT INTO viajes_cosecha (id_viaje, centro, orden_control_int, fecha_salida, tipo_camion, origen, destino, id_conductor, conductor, id_tracto, patente_tracto, id_rampla, patente_rampla, guias, tarifa_flete, fuente) VALUES
(1, 'MAY', 89340, '2026-05-17', 'C/C', 'AMSA', 'SURPROCESO', 14, 'Matías Rojas', 35, 'LJXF34', 83, 'ZRHF11', '573566', 410638.99, 'informe_cosecha'),
(2, 'MAY', 89340, '2026-05-17', 'C/C', 'SURPROCESO', 'AMSA', 14, 'Matías Rojas', 35, 'LJXF34', 83, 'ZRHF11', '574023', 410638.99, 'informe_cosecha'),
(3, 'MAY', 89341, '2026-05-17', 'C/C', 'AMSA', 'SURPROCESO', 3, 'Camila Soto', 51, 'PKRT52', 78, 'YLPC22', '573575', 410638.99, 'informe_cosecha'),
(4, 'MAY', 89341, '2026-05-17', 'C/C', 'SURPROCESO', 'AMSA', 3, 'Camila Soto', 51, 'PKRT52', 78, 'YLPC22', '574026-574027', 410638.99, 'informe_cosecha'),
(5, 'MAY', 89343, '2026-05-17', 'C/C', 'AMSA', 'SURPROCESO', 10, 'Felipe Vargas', 48, 'NVHC18', 72, 'WQNB33', '573821', 410638.99, 'informe_cosecha'),
(6, 'MAY', 89343, '2026-05-17', 'C/C', 'SURPROCESO', 'AMSA', 10, 'Felipe Vargas', 48, 'NVHC18', 72, 'WQNB33', '574030-574031', 410638.99, 'informe_cosecha'),
(7, 'MAY', 89345, '2026-05-17', 'C/C', 'AMSA', 'SURPROCESO', 12, 'Ignacio Pérez', 62, 'SYDM77', 64, 'TXMD44', '573723', 410638.99, 'informe_cosecha'),
(8, 'MAY', 89345, '2026-05-17', 'C/C', 'SURPROCESO', 'AMSA', 12, 'Ignacio Pérez', 62, 'SYDM77', 64, 'TXMD44', '574033-574034', 410638.99, 'informe_cosecha'),
(9, 'MAY', 89346, '2026-05-17', 'C/C', 'AMSA', 'SURPROCESO', 7, 'Diego Muñoz', 63, 'TRKL29', 61, 'SVKR55', '573767', 410638.99, 'informe_cosecha'),
(10, 'MAY', 89346, '2026-05-17', 'C/C', 'SURPROCESO', 'AMSA', 7, 'Diego Muñoz', 63, 'TRKL29', 61, 'SVKR55', '574035', 410638.99, 'informe_cosecha'),
(11, 'MAY', 89344, '2026-05-17', 'C/C', 'AMSA', 'SURPROCESO', 24, 'Valentina Herrera', 6, 'BXQP61', 57, 'RPHG66', '573692', 410638.99, 'informe_cosecha'),
(12, 'MAY', 89344, '2026-05-17', 'C/C', 'SURPROCESO', 'AMSA', 24, 'Valentina Herrera', 6, 'BXQP61', 57, 'RPHG66', '574040', 410638.99, 'informe_cosecha'),
(13, 'MAY', 89347, '2026-05-18', 'C/C', 'AMSA', 'SURPROCESO', 1, 'Benjamín Castro', 21, 'GLMN45', 44, 'NCLJ77', '573940', 410638.99, 'informe_cosecha'),
(14, 'MAY', 89347, '2026-05-18', 'C/C', 'SURPROCESO', 'AMSA', 1, 'Benjamín Castro', 21, 'GLMN45', 44, 'NCLJ77', '574122-574123', 410638.99, 'informe_cosecha'),
(15, 'MAY', 89348, '2026-05-18', 'C/C', 'PATIO T. SANCHEZ', 'SURPROCESO', 13, 'Javiera Morales', 27, 'HZTW83', 43, 'MKDT88', 'SG', 410638.99, 'informe_cosecha'),
(16, 'MAY', 89348, '2026-05-18', 'C/C', 'SURPROCESO', 'AMSA', 13, 'Javiera Morales', 27, 'HZTW83', 43, 'MKDT88', '574125', 410638.99, 'informe_cosecha'),
(17, 'MAY', 89350, '2026-05-18', 'C/C', 'AMSA', 'SURPROCESO', 16, 'Nicolás Fuentes', 11, 'CVRP26', 33, 'JQFW99', '573873', 410638.99, 'informe_cosecha'),
(18, 'MAY', 89350, '2026-05-18', 'C/C', 'SURPROCESO', 'AMSA', 16, 'Nicolás Fuentes', 11, 'CVRP26', 33, 'JQFW99', '574130-574131-574132', 410638.99, 'informe_cosecha'),
(19, 'MAY', 89351, '2026-05-18', 'C/C', 'AMSA', 'SURPROCESO', 11, 'Francisca Silva', 54, 'QJLS54', 25, 'HBLX10', '573834', 410638.99, 'informe_cosecha'),
(20, 'MAY', 89351, '2026-05-18', 'C/C', 'SURPROCESO', 'AMSA', 11, 'Francisca Silva', 54, 'QJLS54', 25, 'HBLX10', '574133-574134-574135', 410638.99, 'informe_cosecha'),
(21, 'MAY', 89352, '2026-05-18', 'C/C', 'PATIO T. SANCHEZ', 'SURPROCESO', 14, 'Matías Rojas', 35, 'LJXF34', 83, 'ZRHF11', 'SG', 410638.99, 'informe_cosecha'),
(22, 'MAY', 89352, '2026-05-18', 'C/C', 'SURPROCESO', 'AMSA', 14, 'Matías Rojas', 35, 'LJXF34', 83, 'ZRHF11', '574207', 410638.99, 'informe_cosecha'),
(23, 'MAY', 89354, '2026-05-18', 'C/C', 'PATIO T. SANCHEZ', 'SURPROCESO', 3, 'Camila Soto', 51, 'PKRT52', 78, 'YLPC22', 'SG', 410638.99, 'informe_cosecha'),
(24, 'MAY', 89354, '2026-05-18', 'C/C', 'SURPROCESO', 'AMSA', 3, 'Camila Soto', 51, 'PKRT52', 78, 'YLPC22', '574223-574224', 410638.99, 'informe_cosecha'),
(25, 'MAY', 89355, '2026-05-18', 'C/C', 'PATIO T. SANCHEZ', 'SURPROCESO', 10, 'Felipe Vargas', 48, 'NVHC18', 72, 'WQNB33', 'SG', 410638.99, 'informe_cosecha'),
(26, 'MAY', 89355, '2026-05-18', 'C/C', 'SURPROCESO', 'AMSA', 10, 'Felipe Vargas', 48, 'NVHC18', 72, 'WQNB33', '574232', 410638.99, 'informe_cosecha'),
(27, 'MAY', 89356, '2026-05-18', 'C/C', 'PATIO T. SANCHEZ', 'SURPROCESO', 7, 'Diego Muñoz', 63, 'TRKL29', 61, 'SVKR55', 'SG', 410638.99, 'informe_cosecha'),
(28, 'MAY', 89356, '2026-05-18', 'C/C', 'SURPROCESO', 'AMSA', 7, 'Diego Muñoz', 63, 'TRKL29', 61, 'SVKR55', '574241', 410638.99, 'informe_cosecha'),
(29, 'MAY', 89357, '2026-05-18', 'C/C', 'PATIO T. SANCHEZ', 'SURPROCESO', 24, 'Valentina Herrera', 6, 'BXQP61', 57, 'RPHG66', 'SG', 410638.99, 'informe_cosecha'),
(30, 'MAY', 89357, '2026-05-18', 'C/C', 'SURPROCESO', 'AMSA', 24, 'Valentina Herrera', 6, 'BXQP61', 57, 'RPHG66', '574259-574260', 410638.99, 'informe_cosecha'),
(31, 'MAY', 89358, '2026-05-18', 'C/C', 'PATIO T. SANCHEZ', 'SURPROCESO', 12, 'Ignacio Pérez', 62, 'SYDM77', 64, 'TXMD44', 'SG', 410638.99, 'informe_cosecha'),
(32, 'MAY', 89358, '2026-05-18', 'C/C', 'SURPROCESO', 'AMSA', 12, 'Ignacio Pérez', 62, 'SYDM77', 64, 'TXMD44', '574282-574283-574284', 410638.99, 'informe_cosecha'),
(33, 'MAY', 89378, '2026-05-18', 'C/C', 'AMSA', 'SURPROCESO', 16, 'Nicolás Fuentes', 11, 'CVRP26', 33, 'JQFW99', '574225', 410638.99, 'informe_cosecha'),
(34, 'MAY', 89378, '2026-05-18', 'C/C', 'SURPROCESO', 'AMSA', 16, 'Nicolás Fuentes', 11, 'CVRP26', 33, 'JQFW99', '574395', 410638.99, 'informe_cosecha'),
(35, 'MAY', 89385, '2026-05-18', 'C/C', 'AMSA', 'SURPROCESO', 1, 'Benjamín Castro', 21, 'GLMN45', 44, 'NCLJ77', '574170', 410638.99, 'informe_cosecha'),
(36, 'MAY', 89385, '2026-05-18', 'C/C', 'SURPROCESO', 'AMSA', 1, 'Benjamín Castro', 21, 'GLMN45', 44, 'NCLJ77', '574397', 410638.99, 'informe_cosecha'),
(37, 'MAY', 89377, '2026-05-19', 'C/C', 'AMSA', 'SURPROCESO', 13, 'Javiera Morales', 27, 'HZTW83', 43, 'MKDT88', '574168', 410638.99, 'informe_cosecha'),
(38, 'MAY', 89377, '2026-05-19', 'C/C', 'SURPROCESO', 'AMSA', 13, 'Javiera Morales', 27, 'HZTW83', 43, 'MKDT88', '574404-574405', 410638.99, 'informe_cosecha'),
(39, 'MAY', 89386, '2026-05-19', 'C/C', 'PATIO T. SANCHEZ', 'SURPROCESO', 22, 'Tomás Araya', 39, 'MDXF72', 83, 'ZRHF11', 'SG', 410638.99, 'informe_cosecha'),
(40, 'MAY', 89386, '2026-05-19', 'C/C', 'SURPROCESO', 'AMSA', 22, 'Tomás Araya', 39, 'MDXF72', 83, 'ZRHF11', '574407-574408-574409', 410638.99, 'informe_cosecha'),
(41, 'MAY', 89387, '2026-05-19', 'C/C', 'AMSA', 'SURPROCESO', 14, 'Matías Rojas', 35, 'LJXF34', 83, 'ZRHF11', '574362', 410638.99, 'informe_cosecha'),
(42, 'MAY', 89387, '2026-05-19', 'C/C', 'SURPROCESO', 'AMSA', 14, 'Matías Rojas', 35, 'LJXF34', 83, 'ZRHF11', '574414-574415 - 574501', 410638.99, 'informe_cosecha'),
(43, 'MAY', 89390, '2026-05-19', 'C/C', 'PATIO T. SANCHEZ', 'SURPROCESO', 7, 'Diego Muñoz', 63, 'TRKL29', 61, 'SVKR55', 'SG', 410638.99, 'informe_cosecha'),
(44, 'MAY', 89390, '2026-05-19', 'C/C', 'SURPROCESO', 'AMSA', 7, 'Diego Muñoz', 63, 'TRKL29', 61, 'SVKR55', '574519', 410638.99, 'informe_cosecha'),
(45, 'MAY', 89389, '2026-05-19', 'C/C', 'AMSA', 'SURPROCESO', 10, 'Felipe Vargas', 48, 'NVHC18', 72, 'WQNB33', '574380', 410638.99, 'informe_cosecha'),
(46, 'MAY', 89389, '2026-05-19', 'C/C', 'SURPROCESO', 'AMSA', 10, 'Felipe Vargas', 48, 'NVHC18', 72, 'WQNB33', '574526-574527', 410638.99, 'informe_cosecha'),
(47, 'MAY', 89388, '2026-05-19', 'C/C', 'AMSA', 'SURPROCESO', 3, 'Camila Soto', 51, 'PKRT52', 78, 'YLPC22', '574364', 410638.99, 'informe_cosecha'),
(48, 'MAY', 89388, '2026-05-19', 'C/C', 'SURPROCESO', 'AMSA', 3, 'Camila Soto', 51, 'PKRT52', 78, 'YLPC22', '574550-574551', 410638.99, 'informe_cosecha'),
(49, 'MAY', 89392, '2026-05-19', 'C/C', 'PATIO T. SANCHEZ', 'SURPROCESO', 12, 'Ignacio Pérez', 62, 'SYDM77', 64, 'TXMD44', 'SG', 410638.99, 'informe_cosecha'),
(50, 'MAY', 89392, '2026-05-19', 'C/C', 'SURPROCESO', 'AMSA', 12, 'Ignacio Pérez', 62, 'SYDM77', 64, 'TXMD44', '574557', 410638.99, 'informe_cosecha'),
(51, 'MAY', 89391, '2026-05-19', 'C/C', 'PATIO T. SANCHEZ', 'SURPROCESO', 24, 'Valentina Herrera', 6, 'BXQP61', 57, 'RPHG66', 'SG', 410638.99, 'informe_cosecha'),
(52, 'MAY', 89391, '2026-05-19', 'C/C', 'SURPROCESO', 'AMSA', 24, 'Valentina Herrera', 6, 'BXQP61', 57, 'RPHG66', '574561-574562-574563', 410638.99, 'informe_cosecha'),
(53, 'PLAYA BONITA', 89398, '2026-05-20', 'C/C', 'AMSA', 'SURPROCESO', 1, 'Benjamín Castro', 21, 'GLMN45', 44, 'NCLJ77', '574461', 410638.99, 'informe_cosecha'),
(54, 'PLAYA BONITA', 89398, '2026-05-20', 'C/C', 'SURPROCESO', 'AMSA', 1, 'Benjamín Castro', 21, 'GLMN45', 44, 'NCLJ77', '574740', 410638.99, 'informe_cosecha'),
(55, 'PLAYA BONITA', 89399, '2026-05-20', 'C/C', 'AMSA', 'SURPROCESO', 13, 'Javiera Morales', 27, 'HZTW83', 43, 'MKDT88', '574465', 410638.99, 'informe_cosecha'),
(56, 'PLAYA BONITA', 89399, '2026-05-20', 'C/C', 'SURPROCESO', 'AMSA', 13, 'Javiera Morales', 27, 'HZTW83', 43, 'MKDT88', '574741', 410638.99, 'informe_cosecha'),
(57, 'PLAYA BONITA', 89400, '2026-05-20', 'C/C', 'PATIO T. SANCHEZ', 'SURPROCESO', 16, 'Nicolás Fuentes', 11, 'CVRP26', 33, 'JQFW99', 'SG', 410638.99, 'informe_cosecha'),
(58, 'PLAYA BONITA', 89400, '2026-05-20', 'C/C', 'SURPROCESO', 'AMSA', 16, 'Nicolás Fuentes', 11, 'CVRP26', 33, 'JQFW99', '574743-574744-574745', 410638.99, 'informe_cosecha'),
(59, 'TARABA 4', 89408, '2026-05-21', 'C/C', 'AMSA', 'SURPROCESO', 14, 'Matías Rojas', 35, 'LJXF34', 83, 'ZRHF11', '574624', 410638.99, 'informe_cosecha'),
(60, 'TARABA 4', 89408, '2026-05-21', 'C/C', 'SURPROCESO', 'AMSA', 14, 'Matías Rojas', 35, 'LJXF34', 83, 'ZRHF11', '575095', 410638.99, 'informe_cosecha'),
(61, 'TARABA 4', 89409, '2026-05-21', 'C/C', 'AMSA', 'SURPROCESO', 3, 'Camila Soto', 51, 'PKRT52', 78, 'YLPC22', '574669', 410638.99, 'informe_cosecha'),
(62, 'TARABA 4', 89409, '2026-05-21', 'C/C', 'SURPROCESO', 'AMSA', 3, 'Camila Soto', 51, 'PKRT52', 78, 'YLPC22', '575097-575098', 410638.99, 'informe_cosecha'),
(63, 'TARABA 4', 89412, '2026-05-21', 'C/C', 'ACME', 'SURPROCESO', 7, 'Diego Muñoz', 63, 'TRKL29', 61, 'SVKR55', '18969', 410638.99, 'informe_cosecha'),
(64, 'TARABA 4', 89412, '2026-05-21', 'C/C', 'SURPROCESO', 'AMSA', 7, 'Diego Muñoz', 63, 'TRKL29', 61, 'SVKR55', '575102', 410638.99, 'informe_cosecha'),
(65, 'TARABA 4', 89415, '2026-05-21', 'C/C', 'AMSA', 'SURPROCESO', 10, 'Felipe Vargas', 48, 'NVHC18', 72, 'WQNB33', '574668', 410638.99, 'informe_cosecha'),
(66, 'TARABA 4', 89415, '2026-05-21', 'C/C', 'SURPROCESO', 'AMSA', 10, 'Felipe Vargas', 48, 'NVHC18', 72, 'WQNB33', '575106', 410638.99, 'informe_cosecha'),
(67, 'MAY / TARABA 4', 89417, '2026-05-21', 'C/C', 'AMSA', 'SURPROCESO', 5, 'Daniela Contreras', 56, 'RKPT39', 78, 'YLPC22', '574895', 410638.99, 'informe_cosecha'),
(68, 'MAY / TARABA 4', 89417, '2026-05-21', 'C/C', 'SURPROCESO', 'AMSA', 5, 'Daniela Contreras', 56, 'RKPT39', 78, 'YLPC22', '575113-575114-575115', 410638.99, 'informe_cosecha'),
(69, 'PLAYA BONITA', 89418, '2026-05-22', 'C/C', 'AMSA', 'SURPROCESO', 1, 'Benjamín Castro', 21, 'GLMN45', 44, 'NCLJ77', '575004', 410638.99, 'informe_cosecha'),
(70, 'PLAYA BONITA', 89418, '2026-05-22', 'C/C', 'SURPROCESO', 'AMSA', 1, 'Benjamín Castro', 21, 'GLMN45', 44, 'NCLJ77', '575173-575174-575175', 410638.99, 'informe_cosecha'),
(71, 'PLAYA BONITA', 89419, '2026-05-22', 'C/C', 'AMSA', 'SURPROCESO', 13, 'Javiera Morales', 27, 'HZTW83', 43, 'MKDT88', '574830', 410638.99, 'informe_cosecha'),
(72, 'PLAYA BONITA', 89419, '2026-05-22', 'C/C', 'SURPROCESO', 'AMSA', 13, 'Javiera Morales', 27, 'HZTW83', 43, 'MKDT88', '575176', 410638.99, 'informe_cosecha'),
(73, 'PLAYA BONITA', 89414, '2026-05-22', 'C/C', 'AMSA', 'SURPROCESO', 16, 'Nicolás Fuentes', 11, 'CVRP26', 33, 'JQFW99', '574829', 410638.99, 'informe_cosecha'),
(74, 'PLAYA BONITA', 89414, '2026-05-22', 'C/C', 'SURPROCESO', 'AMSA', 16, 'Nicolás Fuentes', 11, 'CVRP26', 33, 'JQFW99', '575177', 410638.99, 'informe_cosecha'),
(75, 'PLAYA BONITA', 89420, '2026-05-22', 'C/C', 'AMSA', 'SURPROCESO', 11, 'Francisca Silva', 54, 'QJLS54', 25, 'HBLX10', '574870', 410638.99, 'informe_cosecha'),
(76, 'PLAYA BONITA', 89420, '2026-05-22', 'C/C', 'SURPROCESO', 'AMSA', 11, 'Francisca Silva', 54, 'QJLS54', 25, 'HBLX10', '575179-575180', 410638.99, 'informe_cosecha'),
(77, 'TARABA 4 / PLAYA BONITA', 89421, '2026-05-22', 'C/C', 'PATIO T. SANCHEZ', 'SURPROCESO', 3, 'Camila Soto', 51, 'PKRT52', 78, 'YLPC22', 'SG', 410638.99, 'informe_cosecha'),
(78, 'TARABA 4 / PLAYA BONITA', 89421, '2026-05-22', 'C/C', 'SURPROCESO', 'AMSA', 3, 'Camila Soto', 51, 'PKRT52', 78, 'YLPC22', '575193-575194', 410638.99, 'informe_cosecha'),
(79, 'TARABA 4', 89422, '2026-05-22', 'C/C', 'PATIO T. SANCHEZ', 'SURPROCESO', 10, 'Felipe Vargas', 48, 'NVHC18', 72, 'WQNB33', 'SG', 410638.99, 'informe_cosecha'),
(80, 'TARABA 4', 89422, '2026-05-22', 'C/C', 'SURPROCESO', 'AMSA', 10, 'Felipe Vargas', 48, 'NVHC18', 72, 'WQNB33', '575197', 410638.99, 'informe_cosecha'),
(81, 'TARABA 4', 89413, '2026-05-22', 'C/C', 'AMSA', 'SURPROCESO', 24, 'Valentina Herrera', 6, 'BXQP61', 57, 'RPHG66', '574673', 410638.99, 'informe_cosecha'),
(82, 'TARABA 4', 89413, '2026-05-22', 'C/C', 'SURPROCESO', 'S. FLAVORS / AMSA', 24, 'Valentina Herrera', 6, 'BXQP61', 57, 'RPHG66', '575215-575216', 410638.99, 'informe_cosecha'),
(83, 'TARABA 4', 89424, '2026-05-22', 'C/C', 'PATIO T. SANCHEZ', 'SURPROCESO', 5, 'Daniela Contreras', 56, 'RKPT39', 78, 'YLPC22', 'SG', 410638.99, 'informe_cosecha'),
(84, 'TARABA 4', 89424, '2026-05-22', 'C/C', 'SURPROCESO', 'AMSA', 5, 'Daniela Contreras', 56, 'RKPT39', 78, 'YLPC22', '575221', 410638.99, 'informe_cosecha'),
(85, 'TARABA 4', 89423, '2026-05-22', 'C/C', 'PATIO T. SANCHEZ', 'SURPROCESO', 7, 'Diego Muñoz', 63, 'TRKL29', 61, 'SVKR55', 'SG', 410638.99, 'informe_cosecha'),
(86, 'TARABA 4', 89423, '2026-05-22', 'C/C', 'SURPROCESO', 'AMSA', 7, 'Diego Muñoz', 63, 'TRKL29', 61, 'SVKR55', '575232', 410638.99, 'informe_cosecha'),
(87, 'MAY', 89437, '2026-05-24', 'C/C', 'AMSA', 'SURPROCESO', 4, 'Cristóbal Díaz', 35, 'LJXF34', 72, 'WQNB33', '575214', 410638.99, 'informe_cosecha'),
(88, 'MAY', 89437, '2026-05-24', 'C/C', 'SURPROCESO', 'AMSA', 4, 'Cristóbal Díaz', 35, 'LJXF34', 72, 'WQNB33', '575539', 410638.99, 'informe_cosecha'),
(89, 'MAY', 89438, '2026-05-24', 'C/C', 'AMSA', 'SURPROCESO', 18, 'Paula Navarro', 51, 'PKRT52', 64, 'TXMD44', '575445', 410638.99, 'informe_cosecha'),
(90, 'MAY', 89438, '2026-05-24', 'C/C', 'SURPROCESO', 'AMSA', 18, 'Paula Navarro', 51, 'PKRT52', 64, 'TXMD44', '575543', 410638.99, 'informe_cosecha'),
(91, 'MAY', 89439, '2026-05-24', 'C/C', 'PATIO T. SANCHEZ', 'SURPROCESO', 21, 'Sebastián Reyes', 48, 'NVHC18', 61, 'SVKR55', 'SG', 410638.99, 'informe_cosecha'),
(92, 'MAY', 89439, '2026-05-24', 'C/C', 'SURPROCESO', 'AMSA', 21, 'Sebastián Reyes', 48, 'NVHC18', 61, 'SVKR55', '575544-575545', 410638.99, 'informe_cosecha'),
(93, 'MAY', 89457, '2026-05-24', 'C/C', 'PATIO T. SANCHEZ', 'SURPROCESO', 16, 'Nicolás Fuentes', 11, 'CVRP26', 33, 'JQFW99', 'SG', 410638.99, 'informe_cosecha'),
(94, 'MAY', 89457, '2026-05-24', 'C/C', 'SURPROCESO', 'AMSA', 16, 'Nicolás Fuentes', 11, 'CVRP26', 33, 'JQFW99', '575546', 410638.99, 'informe_cosecha'),
(95, 'MAY / ISLA PELADA', 89440, '2026-05-24', 'C/C', 'AMSA', 'SURPROCESO', 13, 'Javiera Morales', 27, 'HZTW83', 43, 'MKDT88', '575307', 410638.99, 'informe_cosecha'),
(96, 'MAY / ISLA PELADA', 89440, '2026-05-24', 'C/C', 'SURPROCESO', 'AMSA', 13, 'Javiera Morales', 27, 'HZTW83', 43, 'MKDT88', '575552-575553-575554-575555', 410638.99, 'informe_cosecha'),
(97, 'ISLA PELADA', 89441, '2026-05-25', 'C/C', 'AMSA', 'SURPROCESO', 3, 'Camila Soto', 51, 'PKRT52', 78, 'YLPC22', '575335', 410638.99, 'informe_cosecha'),
(98, 'ISLA PELADA', 89441, '2026-05-25', 'C/C', 'SURPROCESO', 'AMSA', 3, 'Camila Soto', 51, 'PKRT52', 78, 'YLPC22', '575622', 410638.99, 'informe_cosecha'),
(99, 'ISLA PELADA', 89442, '2026-05-25', 'C/C', 'AMSA', 'SURPROCESO', 10, 'Felipe Vargas', 48, 'NVHC18', 72, 'WQNB33', '575456', 410638.99, 'informe_cosecha'),
(100, 'ISLA PELADA', 89442, '2026-05-25', 'C/C', 'SURPROCESO', 'AMSA', 10, 'Felipe Vargas', 48, 'NVHC18', 72, 'WQNB33', '575623-575624', 410638.99, 'informe_cosecha'),
(101, 'ISLA PELADA', 89443, '2026-05-25', 'C/C', 'AMSA', 'SURPROCESO', 24, 'Valentina Herrera', 6, 'BXQP61', 57, 'RPHG66', '575361', 410638.99, 'informe_cosecha'),
(102, 'ISLA PELADA', 89443, '2026-05-25', 'C/C', 'SURPROCESO', 'AMSA', 24, 'Valentina Herrera', 6, 'BXQP61', 57, 'RPHG66', '575625-575626-575627', 410638.99, 'informe_cosecha'),
(103, 'ISLA PELADA', 89444, '2026-05-25', 'C/C', 'AMSA', 'SURPROCESO', 14, 'Matías Rojas', 35, 'LJXF34', 83, 'ZRHF11', '575340', 410638.99, 'informe_cosecha'),
(104, 'ISLA PELADA', 89444, '2026-05-25', 'C/C', 'SURPROCESO', 'AMSA', 14, 'Matías Rojas', 35, 'LJXF34', 83, 'ZRHF11', '575628-575629 - 575648 - 575662', 410638.99, 'informe_cosecha'),
(105, 'ISLA PELADA', 89445, '2026-05-25', 'C/C', 'PATIO T. SANCHEZ', 'SURPROCESO', 4, 'Cristóbal Díaz', 35, 'LJXF34', 72, 'WQNB33', 'SG', 410638.99, 'informe_cosecha'),
(106, 'ISLA PELADA', 89445, '2026-05-25', 'C/C', 'SURPROCESO', 'AMSA', 4, 'Cristóbal Díaz', 35, 'LJXF34', 72, 'WQNB33', '575667-575668', 410638.99, 'informe_cosecha'),
(107, 'ISLA PELADA', 89446, '2026-05-25', 'C/C', 'PATIO T. SANCHEZ', 'SURPROCESO', 18, 'Paula Navarro', 51, 'PKRT52', 64, 'TXMD44', 'SG', 410638.99, 'informe_cosecha'),
(108, 'ISLA PELADA', 89446, '2026-05-25', 'C/C', 'SURPROCESO', 'AMSA', 18, 'Paula Navarro', 51, 'PKRT52', 64, 'TXMD44', '575686', 410638.99, 'informe_cosecha'),
(109, 'ISLA PELADA', 89447, '2026-05-25', 'C/C', 'PATIO T. SANCHEZ', 'SURPROCESO', 21, 'Sebastián Reyes', 48, 'NVHC18', 61, 'SVKR55', 'SG', 410638.99, 'informe_cosecha'),
(110, 'ISLA PELADA', 89447, '2026-05-25', 'C/C', 'SURPROCESO', 'AMSA', 21, 'Sebastián Reyes', 48, 'NVHC18', 61, 'SVKR55', '575695-575696-575697', 410638.99, 'informe_cosecha'),
(111, 'ISLA PELADA', 89448, '2026-05-25', 'C/C', 'PATIO T. SANCHEZ', 'SURPROCESO', 13, 'Javiera Morales', 27, 'HZTW83', 43, 'MKDT88', 'SG', 410638.99, 'informe_cosecha'),
(112, 'ISLA PELADA', 89448, '2026-05-25', 'C/C', 'SURPROCESO', 'AMSA', 13, 'Javiera Morales', 27, 'HZTW83', 43, 'MKDT88', '575707', 410638.99, 'informe_cosecha'),
(113, 'ISLA PELADA', 89450, '2026-05-25', 'C/C', 'PATIO T. SANCHEZ', 'SURPROCESO', 16, 'Nicolás Fuentes', 11, 'CVRP26', 33, 'JQFW99', 'SG', 410638.99, 'informe_cosecha'),
(114, 'ISLA PELADA', 89450, '2026-05-25', 'C/C', 'SURPROCESO', 'AMSA', 16, 'Nicolás Fuentes', 11, 'CVRP26', 33, 'JQFW99', '575711', 410638.99, 'informe_cosecha'),
(115, 'ISLA PELADA', 89480, '2026-05-26', 'C/C', 'AMSA', 'SURPROCESO', 4, 'Cristóbal Díaz', 35, 'LJXF34', 72, 'WQNB33', '575814', 410638.99, 'informe_cosecha'),
(116, 'ISLA PELADA', 89480, '2026-05-26', 'C/C', 'SURPROCESO', 'AMSA', 4, 'Cristóbal Díaz', 35, 'LJXF34', 72, 'WQNB33', '576042-576043', 410638.99, 'informe_cosecha'),
(117, 'ISLA PELADA', 89481, '2026-05-26', 'C/C', 'AMSA', 'SURPROCESO', 18, 'Paula Navarro', 51, 'PKRT52', 64, 'TXMD44', '575815', 410638.99, 'informe_cosecha'),
(118, 'ISLA PELADA', 89481, '2026-05-26', 'C/C', 'SURPROCESO', 'AMSA', 18, 'Paula Navarro', 51, 'PKRT52', 64, 'TXMD44', '576060', 410638.99, 'informe_cosecha'),
(119, 'ISLA PELADA', 89482, '2026-05-26', 'C/C', 'AMSA', 'SURPROCESO', 21, 'Sebastián Reyes', 48, 'NVHC18', 61, 'SVKR55', '575896', 410638.99, 'informe_cosecha'),
(120, 'ISLA PELADA', 89482, '2026-05-26', 'C/C', 'SURPROCESO', 'AMSA', 21, 'Sebastián Reyes', 48, 'NVHC18', 61, 'SVKR55', '576068-576069-576070', 410638.99, 'informe_cosecha'),
(121, 'ISLA PELADA', 89483, '2026-05-26', 'C/C', 'PATIO T. SANCHEZ', 'SURPROCESO', 13, 'Javiera Morales', 27, 'HZTW83', 43, 'MKDT88', 'SG', 410638.99, 'informe_cosecha'),
(122, 'ISLA PELADA', 89483, '2026-05-26', 'C/C', 'SURPROCESO', 'AMSA', 13, 'Javiera Morales', 27, 'HZTW83', 43, 'MKDT88', '576091', 410638.99, 'informe_cosecha'),
(123, 'ISLA PELADA', 89488, '2026-05-26', 'C/C', 'PATIO T. SANCHEZ', 'SURPROCESO', 16, 'Nicolás Fuentes', 63, 'TRKL29', 33, 'JQFW99', 'SG', 410638.99, 'informe_cosecha'),
(124, 'ISLA PELADA', 89488, '2026-05-26', 'C/C', 'SURPROCESO', 'AMSA', 16, 'Nicolás Fuentes', 63, 'TRKL29', 33, 'JQFW99', '576096', 410638.99, 'informe_cosecha'),
(125, 'POE', 89472, '2026-05-27', 'C/C', 'AMSA', 'SURPROCESO', 3, 'Camila Soto', 51, 'PKRT52', 78, 'YLPC22', '575699', 410638.99, 'informe_cosecha'),
(126, 'POE', 89472, '2026-05-27', 'C/C', 'SURPROCESO', 'AMSA', 3, 'Camila Soto', 51, 'PKRT52', 78, 'YLPC22', '576232', 410638.99, 'informe_cosecha'),
(127, 'POE', 89495, '2026-05-27', 'C/C', 'AMSA', 'SURPROCESO', 10, 'Felipe Vargas', 48, 'NVHC18', 72, 'WQNB33', '575706', 410638.99, 'informe_cosecha'),
(128, 'POE', 89495, '2026-05-27', 'C/C', 'SURPROCESO', 'AMSA', 10, 'Felipe Vargas', 48, 'NVHC18', 72, 'WQNB33', '576234', 410638.99, 'informe_cosecha'),
(129, 'POE', 89473, '2026-05-27', 'C/C', 'AMSA', 'SURPROCESO', 24, 'Valentina Herrera', 6, 'BXQP61', 57, 'RPHG66', '575762', 410638.99, 'informe_cosecha'),
(130, 'POE', 89473, '2026-05-27', 'C/C', 'SURPROCESO', 'AMSA', 24, 'Valentina Herrera', 6, 'BXQP61', 57, 'RPHG66', '576235-576236', 410638.99, 'informe_cosecha'),
(131, 'POE', 89479, '2026-05-27', 'C/C', 'PATIO T. SANCHEZ', 'SURPROCESO', 14, 'Matías Rojas', 35, 'LJXF34', 83, 'ZRHF11', 'SG', 410638.99, 'informe_cosecha'),
(132, 'POE', 89479, '2026-05-27', 'C/C', 'SURPROCESO', 'AMSA', 14, 'Matías Rojas', 35, 'LJXF34', 83, 'ZRHF11', '576237-576238-576239', 410638.99, 'informe_cosecha'),
(133, 'POE', 89496, '2026-05-27', 'C/C', 'AMSA', 'SURPROCESO', 4, 'Cristóbal Díaz', 35, 'LJXF34', 72, 'WQNB33', '576170', 410638.99, 'informe_cosecha'),
(134, 'POE', 89496, '2026-05-27', 'C/C', 'SURPROCESO', 'AMSA', 4, 'Cristóbal Díaz', 35, 'LJXF34', 72, 'WQNB33', '576358-576359', 410638.99, 'informe_cosecha'),
(135, 'POE', 89497, '2026-05-27', 'C/C', 'AMSA', 'SURPROCESO', 18, 'Paula Navarro', 51, 'PKRT52', 64, 'TXMD44', '576191', 410638.99, 'informe_cosecha'),
(136, 'POE', 89497, '2026-05-27', 'C/C', 'SURPROCESO', 'AMSA', 18, 'Paula Navarro', 51, 'PKRT52', 64, 'TXMD44', '576369-576370', 410638.99, 'informe_cosecha'),
(137, 'POE', 89498, '2026-05-27', 'C/C', 'AMSA', 'SURPROCESO', 21, 'Sebastián Reyes', 48, 'NVHC18', 61, 'SVKR55', '576209', 410638.99, 'informe_cosecha'),
(138, 'POE', 89498, '2026-05-27', 'C/C', 'SURPROCESO', 'AMSA', 21, 'Sebastián Reyes', 48, 'NVHC18', 61, 'SVKR55', '576374', 410638.99, 'informe_cosecha'),
(139, 'POE', 89499, '2026-05-27', 'C/C', 'PATIO T. SANCHEZ', 'SURPROCESO', 13, 'Javiera Morales', 27, 'HZTW83', 43, 'MKDT88', 'SG', 410638.99, 'informe_cosecha'),
(140, 'POE', 89499, '2026-05-27', 'C/C', 'SURPROCESO', 'AMSA', 13, 'Javiera Morales', 27, 'HZTW83', 43, 'MKDT88', '576386', 410638.99, 'informe_cosecha'),
(141, 'POE', 89504, '2026-05-27', 'C/C', 'PATIO T. SANCHEZ', 'SURPROCESO', 16, 'Nicolás Fuentes', 11, 'CVRP26', 33, 'JQFW99', 'SG', 410638.99, 'informe_cosecha'),
(142, 'POE', 89504, '2026-05-27', 'C/C', 'SURPROCESO', 'AMSA', 16, 'Nicolás Fuentes', 11, 'CVRP26', 33, 'JQFW99', '576392-576393-576394', 410638.99, 'informe_cosecha'),
(143, 'SAN LUIS / POE', 89508, '2026-05-28', 'C/C', 'PATIO T. SANCHEZ', 'SURPROCESO', 3, 'Camila Soto', 51, 'PKRT52', 78, 'YLPC22', 'SG', 410638.99, 'informe_cosecha'),
(144, 'SAN LUIS / POE', 89508, '2026-05-28', 'C/C', 'SURPROCESO', 'AMSA', 3, 'Camila Soto', 51, 'PKRT52', 78, 'YLPC22', '576521-576522-576523-576524', 410638.99, 'informe_cosecha'),
(145, 'POE', 89513, '2026-05-28', 'C/C', 'AMSA', 'SURPROCESO', 10, 'Felipe Vargas', 48, 'NVHC18', 72, 'WQNB33', '576299', 410638.99, 'informe_cosecha'),
(146, 'POE', 89513, '2026-05-28', 'C/C', 'SURPROCESO', 'AMSA', 10, 'Felipe Vargas', 48, 'NVHC18', 72, 'WQNB33', '576525', 410638.99, 'informe_cosecha'),
(147, 'POE', 89505, '2026-05-28', 'C/C', 'AMSA', 'SURPROCESO', 24, 'Valentina Herrera', 6, 'BXQP61', 57, 'RPHG66', '576300', 410638.99, 'informe_cosecha'),
(148, 'POE', 89505, '2026-05-28', 'C/C', 'SURPROCESO', 'AMSA', 24, 'Valentina Herrera', 6, 'BXQP61', 57, 'RPHG66', '576526-576527', 410638.99, 'informe_cosecha'),
(149, 'POE', 89507, '2026-05-28', 'C/C', 'PATIO T. SANCHEZ', 'SURPROCESO', 14, 'Matías Rojas', 35, 'LJXF34', 83, 'ZRHF11', 'SG', 410638.99, 'informe_cosecha'),
(150, 'POE', 89507, '2026-05-28', 'C/C', 'SURPROCESO', 'AMSA', 14, 'Matías Rojas', 35, 'LJXF34', 83, 'ZRHF11', '576534-576535 - 576624', 410638.99, 'informe_cosecha'),
(151, 'POE', 89514, '2026-05-28', 'C/C', 'AMSA', 'SURPROCESO', 4, 'Cristóbal Díaz', 35, 'LJXF34', 72, 'WQNB33', '576467', 410638.99, 'informe_cosecha'),
(152, 'POE', 89514, '2026-05-28', 'C/C', 'SURPROCESO', 'AMSA', 4, 'Cristóbal Díaz', 35, 'LJXF34', 72, 'WQNB33', '576632', 410638.99, 'informe_cosecha'),
(153, 'POE', 89515, '2026-05-28', 'C/C', 'AMSA', 'SURPROCESO', 21, 'Sebastián Reyes', 48, 'NVHC18', 61, 'SVKR55', '576483', 410638.99, 'informe_cosecha'),
(154, 'POE', 89515, '2026-05-28', 'C/C', 'SURPROCESO', 'AMSA', 21, 'Sebastián Reyes', 48, 'NVHC18', 61, 'SVKR55', '576655-576656', 410638.99, 'informe_cosecha'),
(155, 'POE', 89516, '2026-05-28', 'C/C', 'AMSA', 'SURPROCESO', 13, 'Javiera Morales', 27, 'HZTW83', 43, 'MKDT88', '576488', 410638.99, 'informe_cosecha'),
(156, 'POE', 89516, '2026-05-28', 'C/C', 'SURPROCESO', 'AMSA', 13, 'Javiera Morales', 27, 'HZTW83', 43, 'MKDT88', '576666', 410638.99, 'informe_cosecha'),
(157, 'POE', 89517, '2026-05-28', 'C/C', 'PATIO T. SANCHEZ', 'SURPROCESO', 16, 'Nicolás Fuentes', 11, 'CVRP26', 33, 'JQFW99', 'SG', 410638.99, 'informe_cosecha'),
(158, 'POE', 89517, '2026-05-28', 'C/C', 'SURPROCESO', 'AMSA', 16, 'Nicolás Fuentes', 11, 'CVRP26', 33, 'JQFW99', '576667', 410638.99, 'informe_cosecha'),
(159, 'SAN LUIS', 89522, '2026-05-28', 'C/C', 'ACME', 'SURPROCESO', 3, 'Camila Soto', 51, 'PKRT52', 78, 'YLPC22', '19013', 410638.99, 'informe_cosecha'),
(160, 'SAN LUIS', 89522, '2026-05-28', 'C/C', 'SURPROCESO', 'AMSA', 3, 'Camila Soto', 51, 'PKRT52', 78, 'YLPC22', '576831', 410638.99, 'informe_cosecha'),
(161, 'SAN LUIS', 89524, '2026-05-28', 'C/C', 'AMSA', 'SURPROCESO', 10, 'Felipe Vargas', 48, 'NVHC18', 72, 'WQNB33', '576562', 410638.99, 'informe_cosecha'),
(162, 'SAN LUIS', 89524, '2026-05-28', 'C/C', 'SURPROCESO', 'AMSA', 10, 'Felipe Vargas', 48, 'NVHC18', 72, 'WQNB33', '576832-576833', 410638.99, 'informe_cosecha'),
(163, 'SAN LUIS', 89523, '2026-05-29', 'C/C', 'PATIO T. SANCHEZ', 'SURPROCESO', 24, 'Valentina Herrera', 6, 'BXQP61', 57, 'RPHG66', 'SG', 410638.99, 'informe_cosecha'),
(164, 'SAN LUIS', 89523, '2026-05-29', 'C/C', 'SURPROCESO', 'AMSA', 24, 'Valentina Herrera', 6, 'BXQP61', 57, 'RPHG66', '576844-576845 - 576898', 410638.99, 'informe_cosecha'),
(165, 'SAN LUIS', 89525, '2026-05-29', 'C/C', 'AMSA', 'SURPROCESO', 14, 'Matías Rojas', 35, 'LJXF34', 83, 'ZRHF11', '576753', 410638.99, 'informe_cosecha'),
(166, 'SAN LUIS', 89525, '2026-05-29', 'C/C', 'SURPROCESO', 'AMSA', 14, 'Matías Rojas', 35, 'LJXF34', 83, 'ZRHF11', '576905 - 576907', 410638.99, 'informe_cosecha'),
(167, 'PLAYA BONITA', 89527, '2026-05-29', 'C/C', 'PATIO T. SANCHEZ', 'SURPROCESO', 18, 'Paula Navarro', 51, 'PKRT52', 64, 'TXMD44', 'SG', 410638.99, 'informe_cosecha'),
(168, 'PLAYA BONITA', 89527, '2026-05-29', 'C/C', 'SURPROCESO', 'AMSA', 18, 'Paula Navarro', 51, 'PKRT52', 64, 'TXMD44', '576925', 410638.99, 'informe_cosecha'),
(169, 'PLAYA BONITA', 89529, '2026-05-29', 'C/C', 'PATIO T. SANCHEZ', 'SURPROCESO', 13, 'Javiera Morales', 27, 'HZTW83', 43, 'MKDT88', 'SG', 410638.99, 'informe_cosecha'),
(170, 'PLAYA BONITA', 89529, '2026-05-29', 'C/C', 'SURPROCESO', 'AMSA', 13, 'Javiera Morales', 27, 'HZTW83', 43, 'MKDT88', '573943', 410638.99, 'informe_cosecha'),
(171, 'SAN LUIS / PLAYA BONITA', 89526, '2026-05-29', 'C/C', 'AMSA', 'SURPROCESO', 4, 'Cristóbal Díaz', 35, 'LJXF34', 72, 'WQNB33', '576760', 410638.99, 'informe_cosecha'),
(172, 'SAN LUIS / PLAYA BONITA', 89526, '2026-05-29', 'C/C', 'SURPROCESO', 'SEA FLAVORS', 4, 'Cristóbal Díaz', 35, 'LJXF34', 72, 'WQNB33', '576945-576946-576947', 410638.99, 'informe_cosecha'),
(173, 'PLAYA BONITA', 89528, '2026-05-29', 'C/C', 'AMSA', 'SURPROCESO', 21, 'Sebastián Reyes', 48, 'NVHC18', 61, 'SVKR55', '576768', 410638.99, 'informe_cosecha'),
(174, 'PLAYA BONITA', 89528, '2026-05-29', 'C/C', 'SURPROCESO', 'AMSA', 21, 'Sebastián Reyes', 48, 'NVHC18', 61, 'SVKR55', '576952', 410638.99, 'informe_cosecha'),
(175, 'SAN LUIS / PLAYA BONITA', 89530, '2026-05-29', 'C/C', 'AMSA', 'SURPROCESO', 16, 'Nicolás Fuentes', 11, 'CVRP26', 33, 'JQFW99', '576770', 410638.99, 'informe_cosecha'),
(176, 'SAN LUIS / PLAYA BONITA', 89530, '2026-05-29', 'C/C', 'SURPROCESO', 'AMSA', 16, 'Nicolás Fuentes', 11, 'CVRP26', 33, 'JQFW99', '576956-576957-576958', 410638.99, 'informe_cosecha'),
(177, 'SAN LUIS', 89537, '2026-05-31', 'C/C', 'AMSA', 'SURPROCESO', 12, 'Ignacio Pérez', 62, 'SYDM77', 64, 'TXMD44', '576885', 410638.99, 'informe_cosecha'),
(178, 'SAN LUIS', 89537, '2026-05-31', 'C/C', 'SURPROCESO', 'AMSA', 12, 'Ignacio Pérez', 62, 'SYDM77', 64, 'TXMD44', '577193-577194', 410638.99, 'informe_cosecha'),
(179, 'SAN LUIS', 89539, '2026-05-31', 'C/C', 'AMSA', 'SURPROCESO', 24, 'Valentina Herrera', 6, 'BXQP61', 57, 'RPHG66', '577049', 410638.99, 'informe_cosecha'),
(180, 'SAN LUIS', 89539, '2026-05-31', 'C/C', 'SURPROCESO', 'AMSA', 24, 'Valentina Herrera', 6, 'BXQP61', 57, 'RPHG66', '577199-577200-577201', 410638.99, 'informe_cosecha'),
(181, 'SAN LUIS', 89538, '2026-05-31', 'C/C', 'AMSA', 'SURPROCESO', 3, 'Camila Soto', 51, 'PKRT52', 78, 'YLPC22', '576884', 410638.99, 'informe_cosecha'),
(182, 'SAN LUIS', 89538, '2026-05-31', 'C/C', 'SURPROCESO', 'AMSA', 3, 'Camila Soto', 51, 'PKRT52', 78, 'YLPC22', '577207', 410638.99, 'informe_cosecha');

INSERT INTO mantenciones (id_mantencion, id_equipo, patente, fecha, tipo_mantencion, motivo, costo_repuestos, costo_mano_obra, costo_total, fuente) VALUES
(1, 69, 'WBKL 14', '2026-06-03', 'Preventiva', 'Inspección de neumáticos y alineación', 61784, 74313, 136097, 'mantenciones_equipos'),
(2, 5, 'BVRN 76', '2026-06-04', 'Preventiva', 'Inspección de neumáticos y alineación', 105990, 96237, 202227, 'mantenciones_equipos'),
(3, 46, 'NHGR 36', '2026-06-08', 'Preventiva', 'Cambio de aceite y filtros', 63610, 122778, 186388, 'mantenciones_equipos'),
(4, 23, 'GSZP 21', '2026-06-08', 'Preventiva', 'Revisión sistema de refrigeración', 101032, 82565, 183597, 'mantenciones_equipos'),
(5, 5, 'BVRN 76', '2026-06-11', 'Por evento', 'Reparación por sobrecalentamiento', 125444, 144230, 269674, 'mantenciones_equipos'),
(6, 73, 'WTND 23', '2026-06-13', 'Por evento', 'Reparación por falla en frenos', 413036, 216299, 629335, 'mantenciones_equipos'),
(7, 81, 'ZKXD 62', '2026-06-15', 'Preventiva', 'Chequeo preventivo de suspensión', 48009, 119166, 167175, 'mantenciones_equipos'),
(8, 8, 'CJDX 58', '2026-06-17', 'Por evento', 'Reparación por sobrecalentamiento', 461517, 77967, 539484, 'mantenciones_equipos'),
(9, 50, 'PCKT 11', '2026-06-17', 'Preventiva', 'Revisión sistema de refrigeración', 101160, 100678, 201838, 'mantenciones_equipos'),
(10, 12, 'CZHM 32', '2026-06-18', 'Preventiva', 'Revisión eléctrica preventiva', 109196, 59256, 168452, 'mantenciones_equipos'),
(11, 68, 'VXPK 69', '2026-06-18', 'Por evento', 'Reparación de embrague', 249790, 102493, 352283, 'mantenciones_equipos'),
(12, 32, 'JLTD 91', '2026-06-19', 'Por evento', 'Reparación de embrague', 397039, 165285, 562324, 'mantenciones_equipos'),
(13, 69, 'WBKL 14', '2026-06-21', 'Preventiva', 'Cambio de aceite y filtros', 243916, 135620, 379536, 'mantenciones_equipos'),
(14, 80, 'YXCC 50', '2026-06-21', 'Preventiva', 'Cambio de aceite y filtros', 73743, 50033, 123776, 'mantenciones_equipos'),
(15, 80, 'YXCC 50', '2026-06-21', 'Por evento', 'Reparación fuga de aceite', 256038, 244887, 500925, 'mantenciones_equipos'),
(16, 31, 'JCCJ 54', '2026-06-24', 'Preventiva', 'Revisión sistema de refrigeración', 81747, 85296, 167043, 'mantenciones_equipos'),
(17, 74, 'WWHY 41', '2026-06-25', 'Preventiva', 'Revisión sistema de refrigeración', 256680, 83354, 340034, 'mantenciones_equipos'),
(18, 31, 'JCCJ 54', '2026-06-29', 'Por evento', 'Reparación de alternador', 345706, 154974, 500680, 'mantenciones_equipos'),
(19, 75, 'WZSK 28', '2026-07-01', 'Preventiva', 'Lubricación general de chasis', 256491, 70306, 326797, 'mantenciones_equipos'),
(20, 10, 'CSZH 93', '2026-07-01', 'Preventiva', 'Chequeo preventivo de suspensión', 48868, 42224, 91092, 'mantenciones_equipos'),
(21, 8, 'CJDX 58', '2026-07-02', 'Por evento', 'Reparación fuga de aceite', 340043, 236136, 576179, 'mantenciones_equipos'),
(22, 7, 'CDDF 59', '2026-07-02', 'Preventiva', 'Lubricación general de chasis', 254870, 44322, 299192, 'mantenciones_equipos'),
(23, 10, 'CSZH 93', '2026-07-04', 'Preventiva', 'Revisión sistema de frenos', 139104, 75082, 214186, 'mantenciones_equipos'),
(24, 68, 'VXPK 69', '2026-07-04', 'Preventiva', 'Cambio de aceite y filtros', 234292, 124329, 358621, 'mantenciones_equipos'),
(25, 65, 'VLHY 82', '2026-07-05', 'Preventiva', 'Lubricación general de chasis', 99921, 117841, 217762, 'mantenciones_equipos'),
(26, 31, 'JCCJ 54', '2026-07-08', 'Por evento', 'Reparación por falla en frenos', 406692, 104742, 511434, 'mantenciones_equipos'),
(27, 82, 'ZMZW 30', '2026-07-08', 'Por evento', 'Ajuste por vibración en ruta', 238349, 74242, 312591, 'mantenciones_equipos'),
(28, 80, 'YXCC 50', '2026-07-09', 'Por evento', 'Reparación por sobrecalentamiento', 115789, 208918, 324707, 'mantenciones_equipos'),
(29, 32, 'JLTD 91', '2026-07-10', 'Por evento', 'Reparación de alternador', 421689, 97730, 519419, 'mantenciones_equipos'),
(30, 46, 'NHGR 36', '2026-07-11', 'Por evento', 'Reparación por falla en frenos', 180087, 53414, 233501, 'mantenciones_equipos'),
(31, 67, 'VSJF 55', '2026-07-11', 'Preventiva', 'Inspección de neumáticos y alineación', 193682, 124098, 317780, 'mantenciones_equipos'),
(32, 82, 'ZMZW 30', '2026-07-12', 'Por evento', 'Reparación por sobrecalentamiento', 60299, 202009, 262308, 'mantenciones_equipos'),
(33, 68, 'VXPK 69', '2026-07-14', 'Preventiva', 'Mantención programada 10.000 km', 101443, 130072, 231515, 'mantenciones_equipos'),
(34, 10, 'CSZH 93', '2026-07-23', 'Preventiva', 'Cambio filtro combustible', 137876, 85519, 223395, 'mantenciones_equipos'),
(35, 10, 'CSZH 93', '2026-07-25', 'Por evento', 'Reparación por sobrecalentamiento', 105580, 199794, 305374, 'mantenciones_equipos'),
(36, 74, 'WWHY 41', '2026-07-25', 'Por evento', 'Reparación fuga de aceite', 198966, 183326, 382292, 'mantenciones_equipos'),
(37, 9, 'CNJF 40', '2026-07-29', 'Por evento', 'Cambio de neumático por pinchazo', 259295, 117869, 377164, 'mantenciones_equipos'),
(38, 23, 'GSZP 21', '2026-07-29', 'Preventiva', 'Cambio filtro combustible', 114521, 132769, 247290, 'mantenciones_equipos'),
(39, 68, 'VXPK 69', '2026-07-30', 'Preventiva', 'Cambio filtro combustible', 145039, 108104, 253143, 'mantenciones_equipos'),
(40, 7, 'CDDF 59', '2026-08-01', 'Por evento', 'Reparación por falla en frenos', 86289, 198138, 284427, 'mantenciones_equipos'),
(41, 7, 'CDDF 59', '2026-08-02', 'Preventiva', 'Diagnóstico preventivo general', 65645, 41226, 106871, 'mantenciones_equipos'),
(42, 58, 'RRFK 85', '2026-08-02', 'Preventiva', 'Chequeo preventivo de suspensión', 218505, 124163, 342668, 'mantenciones_equipos'),
(43, 46, 'NHGR 36', '2026-08-05', 'Preventiva', 'Cambio de aceite y filtros', 131619, 39287, 170906, 'mantenciones_equipos'),
(44, 80, 'YXCC 50', '2026-08-05', 'Por evento', 'Reparación por sobrecalentamiento', 142540, 59910, 202450, 'mantenciones_equipos'),
(45, 67, 'VSJF 55', '2026-08-06', 'Por evento', 'Ajuste por vibración en ruta', 255779, 159845, 415624, 'mantenciones_equipos'),
(46, 19, 'FMVW 96', '2026-08-09', 'Preventiva', 'Inspección de neumáticos y alineación', 60331, 105914, 166245, 'mantenciones_equipos'),
(47, 53, 'PRXP 81', '2026-08-10', 'Preventiva', 'Revisión sistema de frenos', 161164, 135909, 297073, 'mantenciones_equipos'),
(48, 23, 'GSZP 21', '2026-08-11', 'Preventiva', 'Revisión eléctrica preventiva', 212772, 120198, 332970, 'mantenciones_equipos'),
(49, 58, 'RRFK 85', '2026-08-13', 'Por evento', 'Reparación de suspensión por desgaste', 511782, 139800, 651582, 'mantenciones_equipos'),
(50, 52, 'PLBS 32', '2026-08-14', 'Preventiva', 'Chequeo preventivo de suspensión', 186289, 64438, 250727, 'mantenciones_equipos');

INSERT INTO documentos_rag (tipo_documento, referencia_tabla, referencia_id, contenido) VALUES
('materiales_redes','viajes_materiales_redes',1,'Viaje de materiales y redes ID 1: centro AREA CHAFFERS, orden 89313, salida 2026-05-25, tipo camión CHA, origen MUELLE CONTEX, destino PARCELA FARMING, conductor Álvaro Muñoz, tracto JSMP 89, rampla AF 9110, guías 575409-575397-575398-575399-575400-575596-575016, tarifa flete 810752.'),
('materiales_redes','viajes_materiales_redes',2,'Viaje de materiales y redes ID 2: centro ABTAO, orden 89489, salida 2026-05-26, tipo camión CS, origen TALLER ANGELICA, destino INGERED, conductor Felipe Navarro, tracto MIXN 42, rampla -, guías 12464-12465, tarifa flete 128029.'),
('materiales_redes','viajes_materiales_redes',3,'Viaje de materiales y redes ID 3: centro PUYUHUAPI, orden 89493, salida 2026-05-26, tipo camión CHA, origen PARCELA FARMING, destino MUELLE CONTEX, conductor Diego Fuentes, tracto ENNE 39, rampla IH 3752, guías 576093, tarifa flete 1034741.'),
('materiales_redes','viajes_materiales_redes',4,'Viaje de materiales y redes ID 4: centro PUYUHUAPI, orden 89493, salida 2026-05-26, tipo camión CHA, origen MUELLE CONTEX, destino PARCELA FARMING, conductor Sebastián Cárdenas, tracto ENNE 39, rampla -, guías 575556-572081-572868, tarifa flete 810752.'),
('materiales_redes','viajes_materiales_redes',5,'Viaje de materiales y redes ID 5: centro PUYUHUAPI I, orden 89494, salida 2026-05-26, tipo camión CC, origen PARCELA FARMING, destino MUELLE CONTEX, conductor Sebastián Cárdenas, tracto MIXN 42, rampla -, guías 576188-576189, tarifa flete 485895.'),
('materiales_redes','viajes_materiales_redes',6,'Viaje de materiales y redes ID 6: centro PUYUHUAPI, orden 89494, salida 2026-05-26, tipo camión CC, origen MUELLE CONTEX, destino PARCELA FARMING, conductor Álvaro Muñoz, tracto MIXN 42, rampla -, guías 575556-572081-572868, tarifa flete 380714.'),
('materiales_redes','viajes_materiales_redes',7,'Viaje de materiales y redes ID 7: centro PUYUHUAPI II, orden 89509, salida 2026-05-27, tipo camión RA, origen JOMARNETS TRAPEN, destino INGERED, conductor Rodrigo Salinas, tracto JSMP 89, rampla YX 8441, guías 11703, tarifa flete 165685.'),
('materiales_redes','viajes_materiales_redes',8,'Viaje de materiales y redes ID 8: centro PEARSON, orden 89511, salida 2026-05-27, tipo camión CS, origen INGERED, destino PARCELA FARMING, conductor Nicolás Vera, tracto VNVQ 69, rampla -, guías 4017, tarifa flete 128029.'),
('materiales_redes','viajes_materiales_redes',9,'Viaje de materiales y redes ID 9: centro CORDILLERA, orden 89521, salida 2026-05-28, tipo camión CC, origen PARCELA FARMING, destino EMPORMONTT PM, conductor Benjamín Rojas, tracto MIXN 42, rampla LL 1284, guías 576635-576636-576637-576638-576639-576640-576641-576642-576643-576644-576645-576646-576647-2101-2102, tarifa flete 165685.'),
('materiales_redes','viajes_materiales_redes',10,'Viaje de materiales y redes ID 10: centro CORDILLERA, orden 89521, salida 2026-05-28, tipo camión CC, origen EMPORMONTT PM, destino PARCELA FARMING, conductor Felipe Navarro, tracto MIXN 42, rampla RC 9783, guías 576298-576303-576576-576577, tarifa flete 165685.'),
('materiales_redes','viajes_materiales_redes',11,'Viaje de materiales y redes ID 11: centro AREA CHAFFERS, orden 89533, salida 2026-06-01, tipo camión RA, origen MUELLE CONTEX, destino PARCELA FARMING, conductor Rodrigo Salinas, tracto WZWV 13, rampla JA 7038, guías 577215-577052-577057-577216-577217-577224-577242-577488, tarifa flete 380714.'),
('materiales_redes','viajes_materiales_redes',12,'Viaje de materiales y redes ID 12: centro MARCACCI, orden 89535, salida 2026-05-29, tipo camión CS, origen PARCELA FARMING, destino MUELLE CABO FROWARD, conductor Matías Soto, tracto VNVQ 69, rampla -, guías 576891-576892, tarifa flete 158544.'),
('materiales_redes','viajes_materiales_redes',13,'Viaje de materiales y redes ID 13: centro TARABA 2, orden 89559, salida 2026-05-29, tipo camión CSP, origen WALBUSCH, destino PARCELA FARMING, conductor Nicolás Vera, tracto LQGR 40, rampla -, guías 28074, tarifa flete 128029.'),
('materiales_redes','viajes_materiales_redes',14,'Viaje de materiales y redes ID 14: centro ARBOLITO / IZAZA, orden 89570, salida 2026-06-01, tipo camión RA, origen PARCELA FARMING, destino MUELLE CONTEX, conductor Diego Fuentes, tracto DEAQ 49, rampla WE 1425, guías 577454-577455-577456, tarifa flete 485895.'),
('materiales_redes','viajes_materiales_redes',15,'Viaje de materiales y redes ID 15: centro PUYUHUAPI, orden 89570, salida 2026-06-01, tipo camión CB, origen MUELLE CONTEX, destino PARCELA FARMING, conductor Álvaro Muñoz, tracto DEAQ 49, rampla -, guías 577568, tarifa flete 1153442.'),
('materiales_redes','viajes_materiales_redes',16,'Viaje de materiales y redes ID 16: centro ARBOLITO, orden 89580, salida 2026-06-02, tipo camión CS, origen SCALE, destino PARCELA FARMING, conductor Rodrigo Salinas, tracto LQGR 40, rampla -, guías 62384-62385-62386-62387-62388, tarifa flete 128029.'),
('materiales_redes','viajes_materiales_redes',17,'Viaje de materiales y redes ID 17: centro AREA CHAFFERS, orden 89587, salida 2026-06-02, tipo camión RA, origen MUELLE CONTEX, destino PARCELA FARMING, conductor Álvaro Muñoz, tracto WZWV 13, rampla -, guías 577582-577428-577426-577359-577424-577416-577267-577281, tarifa flete 380714.'),
('materiales_redes','viajes_materiales_redes',18,'Viaje de materiales y redes ID 18: centro CORDILLERA, orden 89595, salida 2026-06-03, tipo camión RA, origen PARCELA FARMING, destino EMPORMONTT PM, conductor Tomás Paredes, tracto EOXV 57, rampla RY 7020, guías 577975-577976-577977-577978, tarifa flete 165685.'),
('materiales_redes','viajes_materiales_redes',19,'Viaje de materiales y redes ID 19: centro CORDILLERA, orden 89595, salida 2026-06-03, tipo camión RA, origen EMPORMONTT PM, destino PARCELA FARMING, conductor Nicolás Vera, tracto EOXV 57, rampla -, guías 577410-577406-577286-577284-577277-577279, tarifa flete 165685.'),
('materiales_redes','viajes_materiales_redes',20,'Viaje de materiales y redes ID 20: centro SAN LUIS, orden 89604, salida 2026-06-03, tipo camión CS, origen MAQSUR, destino EMPORMONTT PM, conductor Matías Soto, tracto LQGR 40, rampla -, guías 11850, tarifa flete 128029.'),
('materiales_redes','viajes_materiales_redes',21,'Viaje de materiales y redes ID 21: centro MELINKA, orden 89612, salida 2026-06-03, tipo camión RA, origen PARCELA FARMING, destino MUELLE CONTEX, conductor Rodrigo Salinas, tracto WZWV 13, rampla XI 3759, guías 578091-578092-578093-578094-578095-578096-578097-578098-578099-578100-878101-578102-578103-578104-578105-578106-578107-578108, tarifa flete 485895.'),
('materiales_redes','viajes_materiales_redes',22,'Viaje de materiales y redes ID 22: centro DALCAHUE, orden 89612, salida 2026-06-03, tipo camión RA, origen QUELLON - CHONCHI, destino PARCELA FARMING, conductor Benjamín Rojas, tracto WZWV 13, rampla RY 7051, guías 11093, tarifa flete 380714.'),
('materiales_redes','viajes_materiales_redes',23,'Viaje de materiales y redes ID 23: centro CHAPARANO, orden 89631, salida 2026-06-05, tipo camión CS, origen PARCELA FARMING, destino ASTILLERO PANITAO, conductor Sebastián Cárdenas, tracto VNVQ 69, rampla -, guías 578556-578555, tarifa flete 128029.'),
('materiales_redes','viajes_materiales_redes',24,'Viaje de materiales y redes ID 24: centro NINUALAC / CHALACAYEC, orden 89632, salida 2026-06-04, tipo camión CS, origen PARCELA FARMING, destino MUELLE CABO FROWARD, conductor Nicolás Vera, tracto LQGR 40, rampla -, guías 578249-578250, tarifa flete 158544.'),
('materiales_redes','viajes_materiales_redes',25,'Viaje de materiales y redes ID 25: centro MELINKA, orden 89633, salida 2026-06-05, tipo camión RA, origen TOPTAINER, destino PARCELA FARMING, conductor Rodrigo Salinas, tracto WZWV 13, rampla -, guías 3066, tarifa flete 165685.'),
('materiales_redes','viajes_materiales_redes',26,'Viaje de materiales y redes ID 26: centro MELINKA, orden 89635, salida 2026-06-05, tipo camión RA, origen PARCELA FARMING, destino MUELLE CONTEX, conductor Diego Fuentes, tracto WZWV 13, rampla AF 6384, guías 578698-578699-578700-578701-578702-578703-578704-578705, tarifa flete 485895.'),
('materiales_redes','viajes_materiales_redes',27,'Viaje de materiales y redes ID 27: centro AREA CHAFFERS, orden 89635, salida 2026-06-05, tipo camión RA, origen MUELLE CONTEX, destino PARCELA FARMING, conductor Nicolás Vera, tracto WZWV 13, rampla ND 3802, guías 577627-577628-577251-577252-577253-577254-577250-577238-577627-577628-578129-578333, tarifa flete 380714.'),
('materiales_redes','viajes_materiales_redes',28,'Viaje de materiales y redes ID 28: centro MELINKA, orden 89637, salida 2026-06-05, tipo camión RA, origen PARCELA FARMING, destino TOPTAINER, conductor Esteban Lagos, tracto EOXV 57, rampla -, guías 578606, tarifa flete 165685.'),
('materiales_redes','viajes_materiales_redes',29,'Viaje de materiales y redes ID 29: centro MELINKA, orden 89637, salida 2026-06-05, tipo camión RA, origen TOPTAINER, destino PARCELA FARMING, conductor Benjamín Rojas, tracto EOXV 57, rampla FN 6627, guías 3067, tarifa flete 165685.'),
('materiales_redes','viajes_materiales_redes',30,'Viaje de materiales y redes ID 30: centro PEARSON, orden 89638, salida 2026-06-05, tipo camión CSP, origen MAESTRANZA BARRA, destino PARCELA FARMING, conductor Álvaro Muñoz, tracto LQGR 40, rampla -, guías 30, tarifa flete 128029.'),
('materiales_redes','viajes_materiales_redes',31,'Viaje de materiales y redes ID 31: centro DARWIN, orden 89658, salida 2026-06-05, tipo camión RA, origen PARCELA FARMING, destino TOPTAINER, conductor Sebastián Cárdenas, tracto EOXV 57, rampla BI 4751, guías 578674, tarifa flete 165685.'),
('materiales_redes','viajes_materiales_redes',32,'Viaje de materiales y redes ID 32: centro CORDILLERA, orden 89667, salida 2026-06-08, tipo camión CS, origen PARCELA FARMING, destino EMPORMONTT PM, conductor Matías Soto, tracto MIXN 42, rampla -, guías 579020-579021-579022-579023, tarifa flete 128029.'),
('materiales_redes','viajes_materiales_redes',33,'Viaje de materiales y redes ID 33: centro ABTAO, orden 89668, salida 2026-06-08, tipo camión CS, origen INGERED, destino PARCELA FARMING, conductor Álvaro Muñoz, tracto VNVQ 69, rampla -, guías 4024, tarifa flete 128029.'),
('materiales_redes','viajes_materiales_redes',34,'Viaje de materiales y redes ID 34: centro ABTAO, orden 89669, salida 2026-06-08, tipo camión CC, origen INGERED, destino PARCELA FARMING, conductor Benjamín Rojas, tracto MIXN 42, rampla -, guías 4025, tarifa flete 165685.'),
('materiales_redes','viajes_materiales_redes',35,'Viaje de materiales y redes ID 35: centro ABTAO, orden 89669, salida 2026-06-08, tipo camión CC, origen PARCELA FARMING, destino EMPORMONTT PM, conductor Diego Fuentes, tracto MIXN 42, rampla MI 3671, guías 579214-579215, tarifa flete 165685.'),
('materiales_redes','viajes_materiales_redes',36,'Viaje de materiales y redes ID 36: centro CORDILLERA, orden 89685, salida 2026-06-09, tipo camión CSP, origen PARCELA FARMING, destino LLAGUEPE - CHAPARANO, conductor Álvaro Muñoz, tracto LQGR 40, rampla -, guías 579371-579372, tarifa flete 394733.'),
('materiales_redes','viajes_materiales_redes',37,'Viaje de materiales y redes ID 37: centro LLAGUEPE / CHAPARANO, orden 89685, salida 2026-06-09, tipo camión CSP, origen LLAGUEPE - CHAPARANO, destino PARCELA FARMING, conductor Álvaro Muñoz, tracto LQGR 40, rampla -, guías 579426-579472-579475, tarifa flete 394733.'),
('materiales_redes','viajes_materiales_redes',38,'Viaje de materiales y redes ID 38: centro MELINKA, orden 89688, salida 2026-06-09, tipo camión RA, origen PARCELA FARMING, destino MUELLE CONTEX, conductor Nicolás Vera, tracto WZWV 13, rampla OH 3174, guías 579427-579428-579429-579430-579431-579432-579433-579434-579435-579436-579437-579438-579439-579440-579441-579442-579443, tarifa flete 485895.'),
('materiales_redes','viajes_materiales_redes',39,'Viaje de materiales y redes ID 39: centro PUYUHUAPI, orden 89688, salida 2026-06-09, tipo camión CHA, origen MUELLE CONTEX, destino PARCELA FARMING, conductor Sebastián Cárdenas, tracto WZWV 13, rampla HA 7809, guías 578235-578331, tarifa flete 810752.'),
('materiales_redes','viajes_materiales_redes',40,'Viaje de materiales y redes ID 40: centro PUYUHUAPI, orden 89703, salida 2026-06-12, tipo camión RA, origen SALMONET, destino PARCELA FARMING, conductor Nicolás Vera, tracto JSMP 89, rampla DY 4013, guías 11121, tarifa flete 342711.'),
('materiales_redes','viajes_materiales_redes',41,'Viaje de materiales y redes ID 41: centro DALCAHUE, orden 89704, salida 2026-06-10, tipo camión CHA, origen PARCELA FARMING, destino MUELLE CABO FROWARD, conductor Diego Fuentes, tracto GPPH 23, rampla HM 3157, guías 579699-579700-579701-579702-579703-579704-579705-579706-579707-579708-579709, tarifa flete 326319.'),
('materiales_redes','viajes_materiales_redes',42,'Viaje de materiales y redes ID 42: centro ABTAO, orden 89704, salida 2026-06-10, tipo camión CHA, origen MUELLE CABO FROWARD, destino PARCELA FARMING, conductor Felipe Navarro, tracto GPPH 23, rampla LK 1137, guías 579710-579711, tarifa flete 277856.'),
('materiales_redes','viajes_materiales_redes',43,'Viaje de materiales y redes ID 43: centro PEARSON / DELTA, orden 89708, salida 2026-06-09, tipo camión CC, origen INGERED, destino PARCELA FARMING, conductor Nicolás Vera, tracto MIXN 42, rampla WQ 9504, guías 4027-4028-4029, tarifa flete 165685.'),
('materiales_redes','viajes_materiales_redes',44,'Viaje de materiales y redes ID 44: centro DALCAHUE, orden 89724, salida 2026-06-11, tipo camión CSP, origen PARCELA FARMING, destino TALLER HDLD WELD, conductor Benjamín Rojas, tracto LQGR 40, rampla -, guías 579957, tarifa flete 128029.'),
('materiales_redes','viajes_materiales_redes',45,'Viaje de materiales y redes ID 45: centro ISLA CABRAS, orden 89725, salida 2026-06-11, tipo camión CSP, origen DIPERK, destino PICHICOLO, conductor Benjamín Rojas, tracto LQGR 40, rampla -, guías 1942404, tarifa flete 454476.'),
('materiales_redes','viajes_materiales_redes',46,'Viaje de materiales y redes ID 46: centro CORDILLERA, orden 89740, salida 2026-06-11, tipo camión RA, origen TOPTAINER, destino PARCELA FARMING, conductor Tomás Paredes, tracto GPPH 23, rampla -, guías 3079, tarifa flete 165685.'),
('materiales_redes','viajes_materiales_redes',47,'Viaje de materiales y redes ID 47: centro MELINKA, orden 89741, salida 2026-06-11, tipo camión RA, origen TOPTAINER, destino PARCELA FARMING, conductor Matías Soto, tracto WZWV 13, rampla AV 8344, guías 3077, tarifa flete 165685.'),
('materiales_redes','viajes_materiales_redes',48,'Viaje de materiales y redes ID 48: centro PUYUHUAPI I, orden 89747, salida 2026-06-12, tipo camión RA, origen PARCELA FARMING, destino MUELLE CASTRO, conductor Benjamín Rojas, tracto JSMP 89, rampla DP 2996, guías 580303-580304, tarifa flete 420885.'),
('materiales_redes','viajes_materiales_redes',49,'Viaje de materiales y redes ID 49: centro QUELLON, orden 89747, salida 2026-06-12, tipo camión RA, origen MUELLE CONTEX, destino TOPTAINER, conductor Rodrigo Salinas, tracto JSMP 89, rampla EX 2563, guías 580306, tarifa flete 380714.'),
('materiales_redes','viajes_materiales_redes',50,'Viaje de materiales y redes ID 50: centro ABTAO, orden 89770, salida 2026-06-15, tipo camión CS, origen BADINOTTI, destino INGERED, conductor Sebastián Cárdenas, tracto MIXN 42, rampla -, guías 4009, tarifa flete 128029.'),
('materiales_redes','viajes_materiales_redes',51,'Viaje de materiales y redes ID 51: centro ABTAO, orden 89773, salida 2026-06-15, tipo camión RA, origen MAQSUR - SCALE, destino PARCELA FARMING, conductor Tomás Paredes, tracto GPPH 23, rampla NN 9110, guías 11939-62498, tarifa flete 165685.'),
('materiales_redes','viajes_materiales_redes',52,'Viaje de materiales y redes ID 52: centro ARBOLITO, orden 89775, salida 2026-06-15, tipo camión CSP, origen MAESTRANZA BARRA, destino PARCELA FARMING, conductor Rodrigo Salinas, tracto LQGR 40, rampla -, guías 31, tarifa flete 128029.'),
('materiales_redes','viajes_materiales_redes',53,'Viaje de materiales y redes ID 53: centro AREA CHAFFERS, orden 81978, salida 2026-06-01, tipo camión RA, origen MUELLE CONTEX, destino PARCELA SANCHEZ QUELLON, conductor Tomás Paredes, tracto IIPB 61, rampla -, guías 577215-577216-577217-577224-577052-577057-577242-577488, tarifa flete 128029.'),
('materiales_redes','viajes_materiales_redes',54,'Viaje de materiales y redes ID 54: centro AREA CHAFFERS, orden 81979, salida 2026-06-02, tipo camión RA, origen MUELLE CONTEX, destino PARCELA SANCHEZ QUELLON, conductor Felipe Navarro, tracto IIPB 61, rampla -, guías 577267-577281-577359-577416-577424-577426-577428-577582, tarifa flete 128029.'),
('materiales_redes','viajes_materiales_redes',55,'Viaje de materiales y redes ID 55: centro PUYUHUAPI, orden 81980, salida 2026-06-05, tipo camión CHA, origen MUELLE CONTEX, destino PARCELA SANCHEZ QUELLON, conductor Nicolás Vera, tracto IIPB 61, rampla -, guías 578235-578331, tarifa flete 128029.'),
('materiales_redes','viajes_materiales_redes',56,'Viaje de materiales y redes ID 56: centro QUELLON, orden 81981, salida 2026-06-12, tipo camión RA, origen MUELLE CONTEX, destino PARCELA SANCHEZ QUELLON, conductor Álvaro Muñoz, tracto IIPB 61, rampla MK 2220, guías 580306, tarifa flete 128029.'),
('cosecha','viajes_cosecha',1,'Viaje de cosecha ID 1: centro MAY, orden 89340, salida 2026-05-17, tipo camión C/C, origen AMSA, destino SURPROCESO, conductor Matías Rojas, tracto LJXF34, rampla ZRHF11, guías 573566, tarifa flete 410639.'),
('cosecha','viajes_cosecha',2,'Viaje de cosecha ID 2: centro MAY, orden 89340, salida 2026-05-17, tipo camión C/C, origen SURPROCESO, destino AMSA, conductor Matías Rojas, tracto LJXF34, rampla ZRHF11, guías 574023, tarifa flete 410639.'),
('cosecha','viajes_cosecha',3,'Viaje de cosecha ID 3: centro MAY, orden 89341, salida 2026-05-17, tipo camión C/C, origen AMSA, destino SURPROCESO, conductor Camila Soto, tracto PKRT52, rampla YLPC22, guías 573575, tarifa flete 410639.'),
('cosecha','viajes_cosecha',4,'Viaje de cosecha ID 4: centro MAY, orden 89341, salida 2026-05-17, tipo camión C/C, origen SURPROCESO, destino AMSA, conductor Camila Soto, tracto PKRT52, rampla YLPC22, guías 574026-574027, tarifa flete 410639.'),
('cosecha','viajes_cosecha',5,'Viaje de cosecha ID 5: centro MAY, orden 89343, salida 2026-05-17, tipo camión C/C, origen AMSA, destino SURPROCESO, conductor Felipe Vargas, tracto NVHC18, rampla WQNB33, guías 573821, tarifa flete 410639.'),
('cosecha','viajes_cosecha',6,'Viaje de cosecha ID 6: centro MAY, orden 89343, salida 2026-05-17, tipo camión C/C, origen SURPROCESO, destino AMSA, conductor Felipe Vargas, tracto NVHC18, rampla WQNB33, guías 574030-574031, tarifa flete 410639.'),
('cosecha','viajes_cosecha',7,'Viaje de cosecha ID 7: centro MAY, orden 89345, salida 2026-05-17, tipo camión C/C, origen AMSA, destino SURPROCESO, conductor Ignacio Pérez, tracto SYDM77, rampla TXMD44, guías 573723, tarifa flete 410639.'),
('cosecha','viajes_cosecha',8,'Viaje de cosecha ID 8: centro MAY, orden 89345, salida 2026-05-17, tipo camión C/C, origen SURPROCESO, destino AMSA, conductor Ignacio Pérez, tracto SYDM77, rampla TXMD44, guías 574033-574034, tarifa flete 410639.'),
('cosecha','viajes_cosecha',9,'Viaje de cosecha ID 9: centro MAY, orden 89346, salida 2026-05-17, tipo camión C/C, origen AMSA, destino SURPROCESO, conductor Diego Muñoz, tracto TRKL29, rampla SVKR55, guías 573767, tarifa flete 410639.'),
('cosecha','viajes_cosecha',10,'Viaje de cosecha ID 10: centro MAY, orden 89346, salida 2026-05-17, tipo camión C/C, origen SURPROCESO, destino AMSA, conductor Diego Muñoz, tracto TRKL29, rampla SVKR55, guías 574035, tarifa flete 410639.'),
('cosecha','viajes_cosecha',11,'Viaje de cosecha ID 11: centro MAY, orden 89344, salida 2026-05-17, tipo camión C/C, origen AMSA, destino SURPROCESO, conductor Valentina Herrera, tracto BXQP61, rampla RPHG66, guías 573692, tarifa flete 410639.'),
('cosecha','viajes_cosecha',12,'Viaje de cosecha ID 12: centro MAY, orden 89344, salida 2026-05-17, tipo camión C/C, origen SURPROCESO, destino AMSA, conductor Valentina Herrera, tracto BXQP61, rampla RPHG66, guías 574040, tarifa flete 410639.'),
('cosecha','viajes_cosecha',13,'Viaje de cosecha ID 13: centro MAY, orden 89347, salida 2026-05-18, tipo camión C/C, origen AMSA, destino SURPROCESO, conductor Benjamín Castro, tracto GLMN45, rampla NCLJ77, guías 573940, tarifa flete 410639.'),
('cosecha','viajes_cosecha',14,'Viaje de cosecha ID 14: centro MAY, orden 89347, salida 2026-05-18, tipo camión C/C, origen SURPROCESO, destino AMSA, conductor Benjamín Castro, tracto GLMN45, rampla NCLJ77, guías 574122-574123, tarifa flete 410639.'),
('cosecha','viajes_cosecha',15,'Viaje de cosecha ID 15: centro MAY, orden 89348, salida 2026-05-18, tipo camión C/C, origen PATIO T. SANCHEZ, destino SURPROCESO, conductor Javiera Morales, tracto HZTW83, rampla MKDT88, guías SG, tarifa flete 410639.'),
('cosecha','viajes_cosecha',16,'Viaje de cosecha ID 16: centro MAY, orden 89348, salida 2026-05-18, tipo camión C/C, origen SURPROCESO, destino AMSA, conductor Javiera Morales, tracto HZTW83, rampla MKDT88, guías 574125, tarifa flete 410639.'),
('cosecha','viajes_cosecha',17,'Viaje de cosecha ID 17: centro MAY, orden 89350, salida 2026-05-18, tipo camión C/C, origen AMSA, destino SURPROCESO, conductor Nicolás Fuentes, tracto CVRP26, rampla JQFW99, guías 573873, tarifa flete 410639.'),
('cosecha','viajes_cosecha',18,'Viaje de cosecha ID 18: centro MAY, orden 89350, salida 2026-05-18, tipo camión C/C, origen SURPROCESO, destino AMSA, conductor Nicolás Fuentes, tracto CVRP26, rampla JQFW99, guías 574130-574131-574132, tarifa flete 410639.'),
('cosecha','viajes_cosecha',19,'Viaje de cosecha ID 19: centro MAY, orden 89351, salida 2026-05-18, tipo camión C/C, origen AMSA, destino SURPROCESO, conductor Francisca Silva, tracto QJLS54, rampla HBLX10, guías 573834, tarifa flete 410639.'),
('cosecha','viajes_cosecha',20,'Viaje de cosecha ID 20: centro MAY, orden 89351, salida 2026-05-18, tipo camión C/C, origen SURPROCESO, destino AMSA, conductor Francisca Silva, tracto QJLS54, rampla HBLX10, guías 574133-574134-574135, tarifa flete 410639.'),
('cosecha','viajes_cosecha',21,'Viaje de cosecha ID 21: centro MAY, orden 89352, salida 2026-05-18, tipo camión C/C, origen PATIO T. SANCHEZ, destino SURPROCESO, conductor Matías Rojas, tracto LJXF34, rampla ZRHF11, guías SG, tarifa flete 410639.'),
('cosecha','viajes_cosecha',22,'Viaje de cosecha ID 22: centro MAY, orden 89352, salida 2026-05-18, tipo camión C/C, origen SURPROCESO, destino AMSA, conductor Matías Rojas, tracto LJXF34, rampla ZRHF11, guías 574207, tarifa flete 410639.'),
('cosecha','viajes_cosecha',23,'Viaje de cosecha ID 23: centro MAY, orden 89354, salida 2026-05-18, tipo camión C/C, origen PATIO T. SANCHEZ, destino SURPROCESO, conductor Camila Soto, tracto PKRT52, rampla YLPC22, guías SG, tarifa flete 410639.'),
('cosecha','viajes_cosecha',24,'Viaje de cosecha ID 24: centro MAY, orden 89354, salida 2026-05-18, tipo camión C/C, origen SURPROCESO, destino AMSA, conductor Camila Soto, tracto PKRT52, rampla YLPC22, guías 574223-574224, tarifa flete 410639.'),
('cosecha','viajes_cosecha',25,'Viaje de cosecha ID 25: centro MAY, orden 89355, salida 2026-05-18, tipo camión C/C, origen PATIO T. SANCHEZ, destino SURPROCESO, conductor Felipe Vargas, tracto NVHC18, rampla WQNB33, guías SG, tarifa flete 410639.'),
('cosecha','viajes_cosecha',26,'Viaje de cosecha ID 26: centro MAY, orden 89355, salida 2026-05-18, tipo camión C/C, origen SURPROCESO, destino AMSA, conductor Felipe Vargas, tracto NVHC18, rampla WQNB33, guías 574232, tarifa flete 410639.'),
('cosecha','viajes_cosecha',27,'Viaje de cosecha ID 27: centro MAY, orden 89356, salida 2026-05-18, tipo camión C/C, origen PATIO T. SANCHEZ, destino SURPROCESO, conductor Diego Muñoz, tracto TRKL29, rampla SVKR55, guías SG, tarifa flete 410639.'),
('cosecha','viajes_cosecha',28,'Viaje de cosecha ID 28: centro MAY, orden 89356, salida 2026-05-18, tipo camión C/C, origen SURPROCESO, destino AMSA, conductor Diego Muñoz, tracto TRKL29, rampla SVKR55, guías 574241, tarifa flete 410639.'),
('cosecha','viajes_cosecha',29,'Viaje de cosecha ID 29: centro MAY, orden 89357, salida 2026-05-18, tipo camión C/C, origen PATIO T. SANCHEZ, destino SURPROCESO, conductor Valentina Herrera, tracto BXQP61, rampla RPHG66, guías SG, tarifa flete 410639.'),
('cosecha','viajes_cosecha',30,'Viaje de cosecha ID 30: centro MAY, orden 89357, salida 2026-05-18, tipo camión C/C, origen SURPROCESO, destino AMSA, conductor Valentina Herrera, tracto BXQP61, rampla RPHG66, guías 574259-574260, tarifa flete 410639.'),
('cosecha','viajes_cosecha',31,'Viaje de cosecha ID 31: centro MAY, orden 89358, salida 2026-05-18, tipo camión C/C, origen PATIO T. SANCHEZ, destino SURPROCESO, conductor Ignacio Pérez, tracto SYDM77, rampla TXMD44, guías SG, tarifa flete 410639.'),
('cosecha','viajes_cosecha',32,'Viaje de cosecha ID 32: centro MAY, orden 89358, salida 2026-05-18, tipo camión C/C, origen SURPROCESO, destino AMSA, conductor Ignacio Pérez, tracto SYDM77, rampla TXMD44, guías 574282-574283-574284, tarifa flete 410639.'),
('cosecha','viajes_cosecha',33,'Viaje de cosecha ID 33: centro MAY, orden 89378, salida 2026-05-18, tipo camión C/C, origen AMSA, destino SURPROCESO, conductor Nicolás Fuentes, tracto CVRP26, rampla JQFW99, guías 574225, tarifa flete 410639.'),
('cosecha','viajes_cosecha',34,'Viaje de cosecha ID 34: centro MAY, orden 89378, salida 2026-05-18, tipo camión C/C, origen SURPROCESO, destino AMSA, conductor Nicolás Fuentes, tracto CVRP26, rampla JQFW99, guías 574395, tarifa flete 410639.'),
('cosecha','viajes_cosecha',35,'Viaje de cosecha ID 35: centro MAY, orden 89385, salida 2026-05-18, tipo camión C/C, origen AMSA, destino SURPROCESO, conductor Benjamín Castro, tracto GLMN45, rampla NCLJ77, guías 574170, tarifa flete 410639.'),
('cosecha','viajes_cosecha',36,'Viaje de cosecha ID 36: centro MAY, orden 89385, salida 2026-05-18, tipo camión C/C, origen SURPROCESO, destino AMSA, conductor Benjamín Castro, tracto GLMN45, rampla NCLJ77, guías 574397, tarifa flete 410639.'),
('cosecha','viajes_cosecha',37,'Viaje de cosecha ID 37: centro MAY, orden 89377, salida 2026-05-19, tipo camión C/C, origen AMSA, destino SURPROCESO, conductor Javiera Morales, tracto HZTW83, rampla MKDT88, guías 574168, tarifa flete 410639.'),
('cosecha','viajes_cosecha',38,'Viaje de cosecha ID 38: centro MAY, orden 89377, salida 2026-05-19, tipo camión C/C, origen SURPROCESO, destino AMSA, conductor Javiera Morales, tracto HZTW83, rampla MKDT88, guías 574404-574405, tarifa flete 410639.'),
('cosecha','viajes_cosecha',39,'Viaje de cosecha ID 39: centro MAY, orden 89386, salida 2026-05-19, tipo camión C/C, origen PATIO T. SANCHEZ, destino SURPROCESO, conductor Tomás Araya, tracto MDXF72, rampla ZRHF11, guías SG, tarifa flete 410639.'),
('cosecha','viajes_cosecha',40,'Viaje de cosecha ID 40: centro MAY, orden 89386, salida 2026-05-19, tipo camión C/C, origen SURPROCESO, destino AMSA, conductor Tomás Araya, tracto MDXF72, rampla ZRHF11, guías 574407-574408-574409, tarifa flete 410639.'),
('cosecha','viajes_cosecha',41,'Viaje de cosecha ID 41: centro MAY, orden 89387, salida 2026-05-19, tipo camión C/C, origen AMSA, destino SURPROCESO, conductor Matías Rojas, tracto LJXF34, rampla ZRHF11, guías 574362, tarifa flete 410639.'),
('cosecha','viajes_cosecha',42,'Viaje de cosecha ID 42: centro MAY, orden 89387, salida 2026-05-19, tipo camión C/C, origen SURPROCESO, destino AMSA, conductor Matías Rojas, tracto LJXF34, rampla ZRHF11, guías 574414-574415 - 574501, tarifa flete 410639.'),
('cosecha','viajes_cosecha',43,'Viaje de cosecha ID 43: centro MAY, orden 89390, salida 2026-05-19, tipo camión C/C, origen PATIO T. SANCHEZ, destino SURPROCESO, conductor Diego Muñoz, tracto TRKL29, rampla SVKR55, guías SG, tarifa flete 410639.'),
('cosecha','viajes_cosecha',44,'Viaje de cosecha ID 44: centro MAY, orden 89390, salida 2026-05-19, tipo camión C/C, origen SURPROCESO, destino AMSA, conductor Diego Muñoz, tracto TRKL29, rampla SVKR55, guías 574519, tarifa flete 410639.'),
('cosecha','viajes_cosecha',45,'Viaje de cosecha ID 45: centro MAY, orden 89389, salida 2026-05-19, tipo camión C/C, origen AMSA, destino SURPROCESO, conductor Felipe Vargas, tracto NVHC18, rampla WQNB33, guías 574380, tarifa flete 410639.'),
('cosecha','viajes_cosecha',46,'Viaje de cosecha ID 46: centro MAY, orden 89389, salida 2026-05-19, tipo camión C/C, origen SURPROCESO, destino AMSA, conductor Felipe Vargas, tracto NVHC18, rampla WQNB33, guías 574526-574527, tarifa flete 410639.'),
('cosecha','viajes_cosecha',47,'Viaje de cosecha ID 47: centro MAY, orden 89388, salida 2026-05-19, tipo camión C/C, origen AMSA, destino SURPROCESO, conductor Camila Soto, tracto PKRT52, rampla YLPC22, guías 574364, tarifa flete 410639.'),
('cosecha','viajes_cosecha',48,'Viaje de cosecha ID 48: centro MAY, orden 89388, salida 2026-05-19, tipo camión C/C, origen SURPROCESO, destino AMSA, conductor Camila Soto, tracto PKRT52, rampla YLPC22, guías 574550-574551, tarifa flete 410639.'),
('cosecha','viajes_cosecha',49,'Viaje de cosecha ID 49: centro MAY, orden 89392, salida 2026-05-19, tipo camión C/C, origen PATIO T. SANCHEZ, destino SURPROCESO, conductor Ignacio Pérez, tracto SYDM77, rampla TXMD44, guías SG, tarifa flete 410639.'),
('cosecha','viajes_cosecha',50,'Viaje de cosecha ID 50: centro MAY, orden 89392, salida 2026-05-19, tipo camión C/C, origen SURPROCESO, destino AMSA, conductor Ignacio Pérez, tracto SYDM77, rampla TXMD44, guías 574557, tarifa flete 410639.'),
('cosecha','viajes_cosecha',51,'Viaje de cosecha ID 51: centro MAY, orden 89391, salida 2026-05-19, tipo camión C/C, origen PATIO T. SANCHEZ, destino SURPROCESO, conductor Valentina Herrera, tracto BXQP61, rampla RPHG66, guías SG, tarifa flete 410639.'),
('cosecha','viajes_cosecha',52,'Viaje de cosecha ID 52: centro MAY, orden 89391, salida 2026-05-19, tipo camión C/C, origen SURPROCESO, destino AMSA, conductor Valentina Herrera, tracto BXQP61, rampla RPHG66, guías 574561-574562-574563, tarifa flete 410639.'),
('cosecha','viajes_cosecha',53,'Viaje de cosecha ID 53: centro PLAYA BONITA, orden 89398, salida 2026-05-20, tipo camión C/C, origen AMSA, destino SURPROCESO, conductor Benjamín Castro, tracto GLMN45, rampla NCLJ77, guías 574461, tarifa flete 410639.'),
('cosecha','viajes_cosecha',54,'Viaje de cosecha ID 54: centro PLAYA BONITA, orden 89398, salida 2026-05-20, tipo camión C/C, origen SURPROCESO, destino AMSA, conductor Benjamín Castro, tracto GLMN45, rampla NCLJ77, guías 574740, tarifa flete 410639.'),
('cosecha','viajes_cosecha',55,'Viaje de cosecha ID 55: centro PLAYA BONITA, orden 89399, salida 2026-05-20, tipo camión C/C, origen AMSA, destino SURPROCESO, conductor Javiera Morales, tracto HZTW83, rampla MKDT88, guías 574465, tarifa flete 410639.'),
('cosecha','viajes_cosecha',56,'Viaje de cosecha ID 56: centro PLAYA BONITA, orden 89399, salida 2026-05-20, tipo camión C/C, origen SURPROCESO, destino AMSA, conductor Javiera Morales, tracto HZTW83, rampla MKDT88, guías 574741, tarifa flete 410639.'),
('cosecha','viajes_cosecha',57,'Viaje de cosecha ID 57: centro PLAYA BONITA, orden 89400, salida 2026-05-20, tipo camión C/C, origen PATIO T. SANCHEZ, destino SURPROCESO, conductor Nicolás Fuentes, tracto CVRP26, rampla JQFW99, guías SG, tarifa flete 410639.'),
('cosecha','viajes_cosecha',58,'Viaje de cosecha ID 58: centro PLAYA BONITA, orden 89400, salida 2026-05-20, tipo camión C/C, origen SURPROCESO, destino AMSA, conductor Nicolás Fuentes, tracto CVRP26, rampla JQFW99, guías 574743-574744-574745, tarifa flete 410639.'),
('cosecha','viajes_cosecha',59,'Viaje de cosecha ID 59: centro TARABA 4, orden 89408, salida 2026-05-21, tipo camión C/C, origen AMSA, destino SURPROCESO, conductor Matías Rojas, tracto LJXF34, rampla ZRHF11, guías 574624, tarifa flete 410639.'),
('cosecha','viajes_cosecha',60,'Viaje de cosecha ID 60: centro TARABA 4, orden 89408, salida 2026-05-21, tipo camión C/C, origen SURPROCESO, destino AMSA, conductor Matías Rojas, tracto LJXF34, rampla ZRHF11, guías 575095, tarifa flete 410639.'),
('cosecha','viajes_cosecha',61,'Viaje de cosecha ID 61: centro TARABA 4, orden 89409, salida 2026-05-21, tipo camión C/C, origen AMSA, destino SURPROCESO, conductor Camila Soto, tracto PKRT52, rampla YLPC22, guías 574669, tarifa flete 410639.'),
('cosecha','viajes_cosecha',62,'Viaje de cosecha ID 62: centro TARABA 4, orden 89409, salida 2026-05-21, tipo camión C/C, origen SURPROCESO, destino AMSA, conductor Camila Soto, tracto PKRT52, rampla YLPC22, guías 575097-575098, tarifa flete 410639.'),
('cosecha','viajes_cosecha',63,'Viaje de cosecha ID 63: centro TARABA 4, orden 89412, salida 2026-05-21, tipo camión C/C, origen ACME, destino SURPROCESO, conductor Diego Muñoz, tracto TRKL29, rampla SVKR55, guías 18969, tarifa flete 410639.'),
('cosecha','viajes_cosecha',64,'Viaje de cosecha ID 64: centro TARABA 4, orden 89412, salida 2026-05-21, tipo camión C/C, origen SURPROCESO, destino AMSA, conductor Diego Muñoz, tracto TRKL29, rampla SVKR55, guías 575102, tarifa flete 410639.'),
('cosecha','viajes_cosecha',65,'Viaje de cosecha ID 65: centro TARABA 4, orden 89415, salida 2026-05-21, tipo camión C/C, origen AMSA, destino SURPROCESO, conductor Felipe Vargas, tracto NVHC18, rampla WQNB33, guías 574668, tarifa flete 410639.'),
('cosecha','viajes_cosecha',66,'Viaje de cosecha ID 66: centro TARABA 4, orden 89415, salida 2026-05-21, tipo camión C/C, origen SURPROCESO, destino AMSA, conductor Felipe Vargas, tracto NVHC18, rampla WQNB33, guías 575106, tarifa flete 410639.'),
('cosecha','viajes_cosecha',67,'Viaje de cosecha ID 67: centro MAY / TARABA 4, orden 89417, salida 2026-05-21, tipo camión C/C, origen AMSA, destino SURPROCESO, conductor Daniela Contreras, tracto RKPT39, rampla YLPC22, guías 574895, tarifa flete 410639.'),
('cosecha','viajes_cosecha',68,'Viaje de cosecha ID 68: centro MAY / TARABA 4, orden 89417, salida 2026-05-21, tipo camión C/C, origen SURPROCESO, destino AMSA, conductor Daniela Contreras, tracto RKPT39, rampla YLPC22, guías 575113-575114-575115, tarifa flete 410639.'),
('cosecha','viajes_cosecha',69,'Viaje de cosecha ID 69: centro PLAYA BONITA, orden 89418, salida 2026-05-22, tipo camión C/C, origen AMSA, destino SURPROCESO, conductor Benjamín Castro, tracto GLMN45, rampla NCLJ77, guías 575004, tarifa flete 410639.'),
('cosecha','viajes_cosecha',70,'Viaje de cosecha ID 70: centro PLAYA BONITA, orden 89418, salida 2026-05-22, tipo camión C/C, origen SURPROCESO, destino AMSA, conductor Benjamín Castro, tracto GLMN45, rampla NCLJ77, guías 575173-575174-575175, tarifa flete 410639.'),
('cosecha','viajes_cosecha',71,'Viaje de cosecha ID 71: centro PLAYA BONITA, orden 89419, salida 2026-05-22, tipo camión C/C, origen AMSA, destino SURPROCESO, conductor Javiera Morales, tracto HZTW83, rampla MKDT88, guías 574830, tarifa flete 410639.'),
('cosecha','viajes_cosecha',72,'Viaje de cosecha ID 72: centro PLAYA BONITA, orden 89419, salida 2026-05-22, tipo camión C/C, origen SURPROCESO, destino AMSA, conductor Javiera Morales, tracto HZTW83, rampla MKDT88, guías 575176, tarifa flete 410639.'),
('cosecha','viajes_cosecha',73,'Viaje de cosecha ID 73: centro PLAYA BONITA, orden 89414, salida 2026-05-22, tipo camión C/C, origen AMSA, destino SURPROCESO, conductor Nicolás Fuentes, tracto CVRP26, rampla JQFW99, guías 574829, tarifa flete 410639.'),
('cosecha','viajes_cosecha',74,'Viaje de cosecha ID 74: centro PLAYA BONITA, orden 89414, salida 2026-05-22, tipo camión C/C, origen SURPROCESO, destino AMSA, conductor Nicolás Fuentes, tracto CVRP26, rampla JQFW99, guías 575177, tarifa flete 410639.'),
('cosecha','viajes_cosecha',75,'Viaje de cosecha ID 75: centro PLAYA BONITA, orden 89420, salida 2026-05-22, tipo camión C/C, origen AMSA, destino SURPROCESO, conductor Francisca Silva, tracto QJLS54, rampla HBLX10, guías 574870, tarifa flete 410639.'),
('cosecha','viajes_cosecha',76,'Viaje de cosecha ID 76: centro PLAYA BONITA, orden 89420, salida 2026-05-22, tipo camión C/C, origen SURPROCESO, destino AMSA, conductor Francisca Silva, tracto QJLS54, rampla HBLX10, guías 575179-575180, tarifa flete 410639.'),
('cosecha','viajes_cosecha',77,'Viaje de cosecha ID 77: centro TARABA 4 / PLAYA BONITA, orden 89421, salida 2026-05-22, tipo camión C/C, origen PATIO T. SANCHEZ, destino SURPROCESO, conductor Camila Soto, tracto PKRT52, rampla YLPC22, guías SG, tarifa flete 410639.'),
('cosecha','viajes_cosecha',78,'Viaje de cosecha ID 78: centro TARABA 4 / PLAYA BONITA, orden 89421, salida 2026-05-22, tipo camión C/C, origen SURPROCESO, destino AMSA, conductor Camila Soto, tracto PKRT52, rampla YLPC22, guías 575193-575194, tarifa flete 410639.'),
('cosecha','viajes_cosecha',79,'Viaje de cosecha ID 79: centro TARABA 4, orden 89422, salida 2026-05-22, tipo camión C/C, origen PATIO T. SANCHEZ, destino SURPROCESO, conductor Felipe Vargas, tracto NVHC18, rampla WQNB33, guías SG, tarifa flete 410639.'),
('cosecha','viajes_cosecha',80,'Viaje de cosecha ID 80: centro TARABA 4, orden 89422, salida 2026-05-22, tipo camión C/C, origen SURPROCESO, destino AMSA, conductor Felipe Vargas, tracto NVHC18, rampla WQNB33, guías 575197, tarifa flete 410639.'),
('cosecha','viajes_cosecha',81,'Viaje de cosecha ID 81: centro TARABA 4, orden 89413, salida 2026-05-22, tipo camión C/C, origen AMSA, destino SURPROCESO, conductor Valentina Herrera, tracto BXQP61, rampla RPHG66, guías 574673, tarifa flete 410639.'),
('cosecha','viajes_cosecha',82,'Viaje de cosecha ID 82: centro TARABA 4, orden 89413, salida 2026-05-22, tipo camión C/C, origen SURPROCESO, destino S. FLAVORS / AMSA, conductor Valentina Herrera, tracto BXQP61, rampla RPHG66, guías 575215-575216, tarifa flete 410639.'),
('cosecha','viajes_cosecha',83,'Viaje de cosecha ID 83: centro TARABA 4, orden 89424, salida 2026-05-22, tipo camión C/C, origen PATIO T. SANCHEZ, destino SURPROCESO, conductor Daniela Contreras, tracto RKPT39, rampla YLPC22, guías SG, tarifa flete 410639.'),
('cosecha','viajes_cosecha',84,'Viaje de cosecha ID 84: centro TARABA 4, orden 89424, salida 2026-05-22, tipo camión C/C, origen SURPROCESO, destino AMSA, conductor Daniela Contreras, tracto RKPT39, rampla YLPC22, guías 575221, tarifa flete 410639.'),
('cosecha','viajes_cosecha',85,'Viaje de cosecha ID 85: centro TARABA 4, orden 89423, salida 2026-05-22, tipo camión C/C, origen PATIO T. SANCHEZ, destino SURPROCESO, conductor Diego Muñoz, tracto TRKL29, rampla SVKR55, guías SG, tarifa flete 410639.'),
('cosecha','viajes_cosecha',86,'Viaje de cosecha ID 86: centro TARABA 4, orden 89423, salida 2026-05-22, tipo camión C/C, origen SURPROCESO, destino AMSA, conductor Diego Muñoz, tracto TRKL29, rampla SVKR55, guías 575232, tarifa flete 410639.'),
('cosecha','viajes_cosecha',87,'Viaje de cosecha ID 87: centro MAY, orden 89437, salida 2026-05-24, tipo camión C/C, origen AMSA, destino SURPROCESO, conductor Cristóbal Díaz, tracto LJXF34, rampla WQNB33, guías 575214, tarifa flete 410639.'),
('cosecha','viajes_cosecha',88,'Viaje de cosecha ID 88: centro MAY, orden 89437, salida 2026-05-24, tipo camión C/C, origen SURPROCESO, destino AMSA, conductor Cristóbal Díaz, tracto LJXF34, rampla WQNB33, guías 575539, tarifa flete 410639.'),
('cosecha','viajes_cosecha',89,'Viaje de cosecha ID 89: centro MAY, orden 89438, salida 2026-05-24, tipo camión C/C, origen AMSA, destino SURPROCESO, conductor Paula Navarro, tracto PKRT52, rampla TXMD44, guías 575445, tarifa flete 410639.'),
('cosecha','viajes_cosecha',90,'Viaje de cosecha ID 90: centro MAY, orden 89438, salida 2026-05-24, tipo camión C/C, origen SURPROCESO, destino AMSA, conductor Paula Navarro, tracto PKRT52, rampla TXMD44, guías 575543, tarifa flete 410639.'),
('cosecha','viajes_cosecha',91,'Viaje de cosecha ID 91: centro MAY, orden 89439, salida 2026-05-24, tipo camión C/C, origen PATIO T. SANCHEZ, destino SURPROCESO, conductor Sebastián Reyes, tracto NVHC18, rampla SVKR55, guías SG, tarifa flete 410639.'),
('cosecha','viajes_cosecha',92,'Viaje de cosecha ID 92: centro MAY, orden 89439, salida 2026-05-24, tipo camión C/C, origen SURPROCESO, destino AMSA, conductor Sebastián Reyes, tracto NVHC18, rampla SVKR55, guías 575544-575545, tarifa flete 410639.'),
('cosecha','viajes_cosecha',93,'Viaje de cosecha ID 93: centro MAY, orden 89457, salida 2026-05-24, tipo camión C/C, origen PATIO T. SANCHEZ, destino SURPROCESO, conductor Nicolás Fuentes, tracto CVRP26, rampla JQFW99, guías SG, tarifa flete 410639.'),
('cosecha','viajes_cosecha',94,'Viaje de cosecha ID 94: centro MAY, orden 89457, salida 2026-05-24, tipo camión C/C, origen SURPROCESO, destino AMSA, conductor Nicolás Fuentes, tracto CVRP26, rampla JQFW99, guías 575546, tarifa flete 410639.'),
('cosecha','viajes_cosecha',95,'Viaje de cosecha ID 95: centro MAY / ISLA PELADA, orden 89440, salida 2026-05-24, tipo camión C/C, origen AMSA, destino SURPROCESO, conductor Javiera Morales, tracto HZTW83, rampla MKDT88, guías 575307, tarifa flete 410639.'),
('cosecha','viajes_cosecha',96,'Viaje de cosecha ID 96: centro MAY / ISLA PELADA, orden 89440, salida 2026-05-24, tipo camión C/C, origen SURPROCESO, destino AMSA, conductor Javiera Morales, tracto HZTW83, rampla MKDT88, guías 575552-575553-575554-575555, tarifa flete 410639.'),
('cosecha','viajes_cosecha',97,'Viaje de cosecha ID 97: centro ISLA PELADA, orden 89441, salida 2026-05-25, tipo camión C/C, origen AMSA, destino SURPROCESO, conductor Camila Soto, tracto PKRT52, rampla YLPC22, guías 575335, tarifa flete 410639.'),
('cosecha','viajes_cosecha',98,'Viaje de cosecha ID 98: centro ISLA PELADA, orden 89441, salida 2026-05-25, tipo camión C/C, origen SURPROCESO, destino AMSA, conductor Camila Soto, tracto PKRT52, rampla YLPC22, guías 575622, tarifa flete 410639.'),
('cosecha','viajes_cosecha',99,'Viaje de cosecha ID 99: centro ISLA PELADA, orden 89442, salida 2026-05-25, tipo camión C/C, origen AMSA, destino SURPROCESO, conductor Felipe Vargas, tracto NVHC18, rampla WQNB33, guías 575456, tarifa flete 410639.'),
('cosecha','viajes_cosecha',100,'Viaje de cosecha ID 100: centro ISLA PELADA, orden 89442, salida 2026-05-25, tipo camión C/C, origen SURPROCESO, destino AMSA, conductor Felipe Vargas, tracto NVHC18, rampla WQNB33, guías 575623-575624, tarifa flete 410639.'),
('cosecha','viajes_cosecha',101,'Viaje de cosecha ID 101: centro ISLA PELADA, orden 89443, salida 2026-05-25, tipo camión C/C, origen AMSA, destino SURPROCESO, conductor Valentina Herrera, tracto BXQP61, rampla RPHG66, guías 575361, tarifa flete 410639.'),
('cosecha','viajes_cosecha',102,'Viaje de cosecha ID 102: centro ISLA PELADA, orden 89443, salida 2026-05-25, tipo camión C/C, origen SURPROCESO, destino AMSA, conductor Valentina Herrera, tracto BXQP61, rampla RPHG66, guías 575625-575626-575627, tarifa flete 410639.'),
('cosecha','viajes_cosecha',103,'Viaje de cosecha ID 103: centro ISLA PELADA, orden 89444, salida 2026-05-25, tipo camión C/C, origen AMSA, destino SURPROCESO, conductor Matías Rojas, tracto LJXF34, rampla ZRHF11, guías 575340, tarifa flete 410639.'),
('cosecha','viajes_cosecha',104,'Viaje de cosecha ID 104: centro ISLA PELADA, orden 89444, salida 2026-05-25, tipo camión C/C, origen SURPROCESO, destino AMSA, conductor Matías Rojas, tracto LJXF34, rampla ZRHF11, guías 575628-575629 - 575648 - 575662, tarifa flete 410639.'),
('cosecha','viajes_cosecha',105,'Viaje de cosecha ID 105: centro ISLA PELADA, orden 89445, salida 2026-05-25, tipo camión C/C, origen PATIO T. SANCHEZ, destino SURPROCESO, conductor Cristóbal Díaz, tracto LJXF34, rampla WQNB33, guías SG, tarifa flete 410639.'),
('cosecha','viajes_cosecha',106,'Viaje de cosecha ID 106: centro ISLA PELADA, orden 89445, salida 2026-05-25, tipo camión C/C, origen SURPROCESO, destino AMSA, conductor Cristóbal Díaz, tracto LJXF34, rampla WQNB33, guías 575667-575668, tarifa flete 410639.'),
('cosecha','viajes_cosecha',107,'Viaje de cosecha ID 107: centro ISLA PELADA, orden 89446, salida 2026-05-25, tipo camión C/C, origen PATIO T. SANCHEZ, destino SURPROCESO, conductor Paula Navarro, tracto PKRT52, rampla TXMD44, guías SG, tarifa flete 410639.'),
('cosecha','viajes_cosecha',108,'Viaje de cosecha ID 108: centro ISLA PELADA, orden 89446, salida 2026-05-25, tipo camión C/C, origen SURPROCESO, destino AMSA, conductor Paula Navarro, tracto PKRT52, rampla TXMD44, guías 575686, tarifa flete 410639.'),
('cosecha','viajes_cosecha',109,'Viaje de cosecha ID 109: centro ISLA PELADA, orden 89447, salida 2026-05-25, tipo camión C/C, origen PATIO T. SANCHEZ, destino SURPROCESO, conductor Sebastián Reyes, tracto NVHC18, rampla SVKR55, guías SG, tarifa flete 410639.'),
('cosecha','viajes_cosecha',110,'Viaje de cosecha ID 110: centro ISLA PELADA, orden 89447, salida 2026-05-25, tipo camión C/C, origen SURPROCESO, destino AMSA, conductor Sebastián Reyes, tracto NVHC18, rampla SVKR55, guías 575695-575696-575697, tarifa flete 410639.'),
('cosecha','viajes_cosecha',111,'Viaje de cosecha ID 111: centro ISLA PELADA, orden 89448, salida 2026-05-25, tipo camión C/C, origen PATIO T. SANCHEZ, destino SURPROCESO, conductor Javiera Morales, tracto HZTW83, rampla MKDT88, guías SG, tarifa flete 410639.'),
('cosecha','viajes_cosecha',112,'Viaje de cosecha ID 112: centro ISLA PELADA, orden 89448, salida 2026-05-25, tipo camión C/C, origen SURPROCESO, destino AMSA, conductor Javiera Morales, tracto HZTW83, rampla MKDT88, guías 575707, tarifa flete 410639.'),
('cosecha','viajes_cosecha',113,'Viaje de cosecha ID 113: centro ISLA PELADA, orden 89450, salida 2026-05-25, tipo camión C/C, origen PATIO T. SANCHEZ, destino SURPROCESO, conductor Nicolás Fuentes, tracto CVRP26, rampla JQFW99, guías SG, tarifa flete 410639.'),
('cosecha','viajes_cosecha',114,'Viaje de cosecha ID 114: centro ISLA PELADA, orden 89450, salida 2026-05-25, tipo camión C/C, origen SURPROCESO, destino AMSA, conductor Nicolás Fuentes, tracto CVRP26, rampla JQFW99, guías 575711, tarifa flete 410639.'),
('cosecha','viajes_cosecha',115,'Viaje de cosecha ID 115: centro ISLA PELADA, orden 89480, salida 2026-05-26, tipo camión C/C, origen AMSA, destino SURPROCESO, conductor Cristóbal Díaz, tracto LJXF34, rampla WQNB33, guías 575814, tarifa flete 410639.'),
('cosecha','viajes_cosecha',116,'Viaje de cosecha ID 116: centro ISLA PELADA, orden 89480, salida 2026-05-26, tipo camión C/C, origen SURPROCESO, destino AMSA, conductor Cristóbal Díaz, tracto LJXF34, rampla WQNB33, guías 576042-576043, tarifa flete 410639.'),
('cosecha','viajes_cosecha',117,'Viaje de cosecha ID 117: centro ISLA PELADA, orden 89481, salida 2026-05-26, tipo camión C/C, origen AMSA, destino SURPROCESO, conductor Paula Navarro, tracto PKRT52, rampla TXMD44, guías 575815, tarifa flete 410639.'),
('cosecha','viajes_cosecha',118,'Viaje de cosecha ID 118: centro ISLA PELADA, orden 89481, salida 2026-05-26, tipo camión C/C, origen SURPROCESO, destino AMSA, conductor Paula Navarro, tracto PKRT52, rampla TXMD44, guías 576060, tarifa flete 410639.'),
('cosecha','viajes_cosecha',119,'Viaje de cosecha ID 119: centro ISLA PELADA, orden 89482, salida 2026-05-26, tipo camión C/C, origen AMSA, destino SURPROCESO, conductor Sebastián Reyes, tracto NVHC18, rampla SVKR55, guías 575896, tarifa flete 410639.'),
('cosecha','viajes_cosecha',120,'Viaje de cosecha ID 120: centro ISLA PELADA, orden 89482, salida 2026-05-26, tipo camión C/C, origen SURPROCESO, destino AMSA, conductor Sebastián Reyes, tracto NVHC18, rampla SVKR55, guías 576068-576069-576070, tarifa flete 410639.'),
('cosecha','viajes_cosecha',121,'Viaje de cosecha ID 121: centro ISLA PELADA, orden 89483, salida 2026-05-26, tipo camión C/C, origen PATIO T. SANCHEZ, destino SURPROCESO, conductor Javiera Morales, tracto HZTW83, rampla MKDT88, guías SG, tarifa flete 410639.'),
('cosecha','viajes_cosecha',122,'Viaje de cosecha ID 122: centro ISLA PELADA, orden 89483, salida 2026-05-26, tipo camión C/C, origen SURPROCESO, destino AMSA, conductor Javiera Morales, tracto HZTW83, rampla MKDT88, guías 576091, tarifa flete 410639.'),
('cosecha','viajes_cosecha',123,'Viaje de cosecha ID 123: centro ISLA PELADA, orden 89488, salida 2026-05-26, tipo camión C/C, origen PATIO T. SANCHEZ, destino SURPROCESO, conductor Nicolás Fuentes, tracto TRKL29, rampla JQFW99, guías SG, tarifa flete 410639.'),
('cosecha','viajes_cosecha',124,'Viaje de cosecha ID 124: centro ISLA PELADA, orden 89488, salida 2026-05-26, tipo camión C/C, origen SURPROCESO, destino AMSA, conductor Nicolás Fuentes, tracto TRKL29, rampla JQFW99, guías 576096, tarifa flete 410639.'),
('cosecha','viajes_cosecha',125,'Viaje de cosecha ID 125: centro POE, orden 89472, salida 2026-05-27, tipo camión C/C, origen AMSA, destino SURPROCESO, conductor Camila Soto, tracto PKRT52, rampla YLPC22, guías 575699, tarifa flete 410639.'),
('cosecha','viajes_cosecha',126,'Viaje de cosecha ID 126: centro POE, orden 89472, salida 2026-05-27, tipo camión C/C, origen SURPROCESO, destino AMSA, conductor Camila Soto, tracto PKRT52, rampla YLPC22, guías 576232, tarifa flete 410639.'),
('cosecha','viajes_cosecha',127,'Viaje de cosecha ID 127: centro POE, orden 89495, salida 2026-05-27, tipo camión C/C, origen AMSA, destino SURPROCESO, conductor Felipe Vargas, tracto NVHC18, rampla WQNB33, guías 575706, tarifa flete 410639.'),
('cosecha','viajes_cosecha',128,'Viaje de cosecha ID 128: centro POE, orden 89495, salida 2026-05-27, tipo camión C/C, origen SURPROCESO, destino AMSA, conductor Felipe Vargas, tracto NVHC18, rampla WQNB33, guías 576234, tarifa flete 410639.'),
('cosecha','viajes_cosecha',129,'Viaje de cosecha ID 129: centro POE, orden 89473, salida 2026-05-27, tipo camión C/C, origen AMSA, destino SURPROCESO, conductor Valentina Herrera, tracto BXQP61, rampla RPHG66, guías 575762, tarifa flete 410639.'),
('cosecha','viajes_cosecha',130,'Viaje de cosecha ID 130: centro POE, orden 89473, salida 2026-05-27, tipo camión C/C, origen SURPROCESO, destino AMSA, conductor Valentina Herrera, tracto BXQP61, rampla RPHG66, guías 576235-576236, tarifa flete 410639.'),
('cosecha','viajes_cosecha',131,'Viaje de cosecha ID 131: centro POE, orden 89479, salida 2026-05-27, tipo camión C/C, origen PATIO T. SANCHEZ, destino SURPROCESO, conductor Matías Rojas, tracto LJXF34, rampla ZRHF11, guías SG, tarifa flete 410639.'),
('cosecha','viajes_cosecha',132,'Viaje de cosecha ID 132: centro POE, orden 89479, salida 2026-05-27, tipo camión C/C, origen SURPROCESO, destino AMSA, conductor Matías Rojas, tracto LJXF34, rampla ZRHF11, guías 576237-576238-576239, tarifa flete 410639.'),
('cosecha','viajes_cosecha',133,'Viaje de cosecha ID 133: centro POE, orden 89496, salida 2026-05-27, tipo camión C/C, origen AMSA, destino SURPROCESO, conductor Cristóbal Díaz, tracto LJXF34, rampla WQNB33, guías 576170, tarifa flete 410639.'),
('cosecha','viajes_cosecha',134,'Viaje de cosecha ID 134: centro POE, orden 89496, salida 2026-05-27, tipo camión C/C, origen SURPROCESO, destino AMSA, conductor Cristóbal Díaz, tracto LJXF34, rampla WQNB33, guías 576358-576359, tarifa flete 410639.'),
('cosecha','viajes_cosecha',135,'Viaje de cosecha ID 135: centro POE, orden 89497, salida 2026-05-27, tipo camión C/C, origen AMSA, destino SURPROCESO, conductor Paula Navarro, tracto PKRT52, rampla TXMD44, guías 576191, tarifa flete 410639.'),
('cosecha','viajes_cosecha',136,'Viaje de cosecha ID 136: centro POE, orden 89497, salida 2026-05-27, tipo camión C/C, origen SURPROCESO, destino AMSA, conductor Paula Navarro, tracto PKRT52, rampla TXMD44, guías 576369-576370, tarifa flete 410639.'),
('cosecha','viajes_cosecha',137,'Viaje de cosecha ID 137: centro POE, orden 89498, salida 2026-05-27, tipo camión C/C, origen AMSA, destino SURPROCESO, conductor Sebastián Reyes, tracto NVHC18, rampla SVKR55, guías 576209, tarifa flete 410639.'),
('cosecha','viajes_cosecha',138,'Viaje de cosecha ID 138: centro POE, orden 89498, salida 2026-05-27, tipo camión C/C, origen SURPROCESO, destino AMSA, conductor Sebastián Reyes, tracto NVHC18, rampla SVKR55, guías 576374, tarifa flete 410639.'),
('cosecha','viajes_cosecha',139,'Viaje de cosecha ID 139: centro POE, orden 89499, salida 2026-05-27, tipo camión C/C, origen PATIO T. SANCHEZ, destino SURPROCESO, conductor Javiera Morales, tracto HZTW83, rampla MKDT88, guías SG, tarifa flete 410639.'),
('cosecha','viajes_cosecha',140,'Viaje de cosecha ID 140: centro POE, orden 89499, salida 2026-05-27, tipo camión C/C, origen SURPROCESO, destino AMSA, conductor Javiera Morales, tracto HZTW83, rampla MKDT88, guías 576386, tarifa flete 410639.'),
('cosecha','viajes_cosecha',141,'Viaje de cosecha ID 141: centro POE, orden 89504, salida 2026-05-27, tipo camión C/C, origen PATIO T. SANCHEZ, destino SURPROCESO, conductor Nicolás Fuentes, tracto CVRP26, rampla JQFW99, guías SG, tarifa flete 410639.'),
('cosecha','viajes_cosecha',142,'Viaje de cosecha ID 142: centro POE, orden 89504, salida 2026-05-27, tipo camión C/C, origen SURPROCESO, destino AMSA, conductor Nicolás Fuentes, tracto CVRP26, rampla JQFW99, guías 576392-576393-576394, tarifa flete 410639.'),
('cosecha','viajes_cosecha',143,'Viaje de cosecha ID 143: centro SAN LUIS / POE, orden 89508, salida 2026-05-28, tipo camión C/C, origen PATIO T. SANCHEZ, destino SURPROCESO, conductor Camila Soto, tracto PKRT52, rampla YLPC22, guías SG, tarifa flete 410639.'),
('cosecha','viajes_cosecha',144,'Viaje de cosecha ID 144: centro SAN LUIS / POE, orden 89508, salida 2026-05-28, tipo camión C/C, origen SURPROCESO, destino AMSA, conductor Camila Soto, tracto PKRT52, rampla YLPC22, guías 576521-576522-576523-576524, tarifa flete 410639.'),
('cosecha','viajes_cosecha',145,'Viaje de cosecha ID 145: centro POE, orden 89513, salida 2026-05-28, tipo camión C/C, origen AMSA, destino SURPROCESO, conductor Felipe Vargas, tracto NVHC18, rampla WQNB33, guías 576299, tarifa flete 410639.'),
('cosecha','viajes_cosecha',146,'Viaje de cosecha ID 146: centro POE, orden 89513, salida 2026-05-28, tipo camión C/C, origen SURPROCESO, destino AMSA, conductor Felipe Vargas, tracto NVHC18, rampla WQNB33, guías 576525, tarifa flete 410639.'),
('cosecha','viajes_cosecha',147,'Viaje de cosecha ID 147: centro POE, orden 89505, salida 2026-05-28, tipo camión C/C, origen AMSA, destino SURPROCESO, conductor Valentina Herrera, tracto BXQP61, rampla RPHG66, guías 576300, tarifa flete 410639.'),
('cosecha','viajes_cosecha',148,'Viaje de cosecha ID 148: centro POE, orden 89505, salida 2026-05-28, tipo camión C/C, origen SURPROCESO, destino AMSA, conductor Valentina Herrera, tracto BXQP61, rampla RPHG66, guías 576526-576527, tarifa flete 410639.'),
('cosecha','viajes_cosecha',149,'Viaje de cosecha ID 149: centro POE, orden 89507, salida 2026-05-28, tipo camión C/C, origen PATIO T. SANCHEZ, destino SURPROCESO, conductor Matías Rojas, tracto LJXF34, rampla ZRHF11, guías SG, tarifa flete 410639.'),
('cosecha','viajes_cosecha',150,'Viaje de cosecha ID 150: centro POE, orden 89507, salida 2026-05-28, tipo camión C/C, origen SURPROCESO, destino AMSA, conductor Matías Rojas, tracto LJXF34, rampla ZRHF11, guías 576534-576535 - 576624, tarifa flete 410639.'),
('cosecha','viajes_cosecha',151,'Viaje de cosecha ID 151: centro POE, orden 89514, salida 2026-05-28, tipo camión C/C, origen AMSA, destino SURPROCESO, conductor Cristóbal Díaz, tracto LJXF34, rampla WQNB33, guías 576467, tarifa flete 410639.'),
('cosecha','viajes_cosecha',152,'Viaje de cosecha ID 152: centro POE, orden 89514, salida 2026-05-28, tipo camión C/C, origen SURPROCESO, destino AMSA, conductor Cristóbal Díaz, tracto LJXF34, rampla WQNB33, guías 576632, tarifa flete 410639.'),
('cosecha','viajes_cosecha',153,'Viaje de cosecha ID 153: centro POE, orden 89515, salida 2026-05-28, tipo camión C/C, origen AMSA, destino SURPROCESO, conductor Sebastián Reyes, tracto NVHC18, rampla SVKR55, guías 576483, tarifa flete 410639.'),
('cosecha','viajes_cosecha',154,'Viaje de cosecha ID 154: centro POE, orden 89515, salida 2026-05-28, tipo camión C/C, origen SURPROCESO, destino AMSA, conductor Sebastián Reyes, tracto NVHC18, rampla SVKR55, guías 576655-576656, tarifa flete 410639.'),
('cosecha','viajes_cosecha',155,'Viaje de cosecha ID 155: centro POE, orden 89516, salida 2026-05-28, tipo camión C/C, origen AMSA, destino SURPROCESO, conductor Javiera Morales, tracto HZTW83, rampla MKDT88, guías 576488, tarifa flete 410639.'),
('cosecha','viajes_cosecha',156,'Viaje de cosecha ID 156: centro POE, orden 89516, salida 2026-05-28, tipo camión C/C, origen SURPROCESO, destino AMSA, conductor Javiera Morales, tracto HZTW83, rampla MKDT88, guías 576666, tarifa flete 410639.'),
('cosecha','viajes_cosecha',157,'Viaje de cosecha ID 157: centro POE, orden 89517, salida 2026-05-28, tipo camión C/C, origen PATIO T. SANCHEZ, destino SURPROCESO, conductor Nicolás Fuentes, tracto CVRP26, rampla JQFW99, guías SG, tarifa flete 410639.'),
('cosecha','viajes_cosecha',158,'Viaje de cosecha ID 158: centro POE, orden 89517, salida 2026-05-28, tipo camión C/C, origen SURPROCESO, destino AMSA, conductor Nicolás Fuentes, tracto CVRP26, rampla JQFW99, guías 576667, tarifa flete 410639.'),
('cosecha','viajes_cosecha',159,'Viaje de cosecha ID 159: centro SAN LUIS, orden 89522, salida 2026-05-28, tipo camión C/C, origen ACME, destino SURPROCESO, conductor Camila Soto, tracto PKRT52, rampla YLPC22, guías 19013, tarifa flete 410639.'),
('cosecha','viajes_cosecha',160,'Viaje de cosecha ID 160: centro SAN LUIS, orden 89522, salida 2026-05-28, tipo camión C/C, origen SURPROCESO, destino AMSA, conductor Camila Soto, tracto PKRT52, rampla YLPC22, guías 576831, tarifa flete 410639.'),
('cosecha','viajes_cosecha',161,'Viaje de cosecha ID 161: centro SAN LUIS, orden 89524, salida 2026-05-28, tipo camión C/C, origen AMSA, destino SURPROCESO, conductor Felipe Vargas, tracto NVHC18, rampla WQNB33, guías 576562, tarifa flete 410639.'),
('cosecha','viajes_cosecha',162,'Viaje de cosecha ID 162: centro SAN LUIS, orden 89524, salida 2026-05-28, tipo camión C/C, origen SURPROCESO, destino AMSA, conductor Felipe Vargas, tracto NVHC18, rampla WQNB33, guías 576832-576833, tarifa flete 410639.'),
('cosecha','viajes_cosecha',163,'Viaje de cosecha ID 163: centro SAN LUIS, orden 89523, salida 2026-05-29, tipo camión C/C, origen PATIO T. SANCHEZ, destino SURPROCESO, conductor Valentina Herrera, tracto BXQP61, rampla RPHG66, guías SG, tarifa flete 410639.'),
('cosecha','viajes_cosecha',164,'Viaje de cosecha ID 164: centro SAN LUIS, orden 89523, salida 2026-05-29, tipo camión C/C, origen SURPROCESO, destino AMSA, conductor Valentina Herrera, tracto BXQP61, rampla RPHG66, guías 576844-576845 - 576898, tarifa flete 410639.'),
('cosecha','viajes_cosecha',165,'Viaje de cosecha ID 165: centro SAN LUIS, orden 89525, salida 2026-05-29, tipo camión C/C, origen AMSA, destino SURPROCESO, conductor Matías Rojas, tracto LJXF34, rampla ZRHF11, guías 576753, tarifa flete 410639.'),
('cosecha','viajes_cosecha',166,'Viaje de cosecha ID 166: centro SAN LUIS, orden 89525, salida 2026-05-29, tipo camión C/C, origen SURPROCESO, destino AMSA, conductor Matías Rojas, tracto LJXF34, rampla ZRHF11, guías 576905 - 576907, tarifa flete 410639.'),
('cosecha','viajes_cosecha',167,'Viaje de cosecha ID 167: centro PLAYA BONITA, orden 89527, salida 2026-05-29, tipo camión C/C, origen PATIO T. SANCHEZ, destino SURPROCESO, conductor Paula Navarro, tracto PKRT52, rampla TXMD44, guías SG, tarifa flete 410639.'),
('cosecha','viajes_cosecha',168,'Viaje de cosecha ID 168: centro PLAYA BONITA, orden 89527, salida 2026-05-29, tipo camión C/C, origen SURPROCESO, destino AMSA, conductor Paula Navarro, tracto PKRT52, rampla TXMD44, guías 576925, tarifa flete 410639.'),
('cosecha','viajes_cosecha',169,'Viaje de cosecha ID 169: centro PLAYA BONITA, orden 89529, salida 2026-05-29, tipo camión C/C, origen PATIO T. SANCHEZ, destino SURPROCESO, conductor Javiera Morales, tracto HZTW83, rampla MKDT88, guías SG, tarifa flete 410639.'),
('cosecha','viajes_cosecha',170,'Viaje de cosecha ID 170: centro PLAYA BONITA, orden 89529, salida 2026-05-29, tipo camión C/C, origen SURPROCESO, destino AMSA, conductor Javiera Morales, tracto HZTW83, rampla MKDT88, guías 573943, tarifa flete 410639.'),
('cosecha','viajes_cosecha',171,'Viaje de cosecha ID 171: centro SAN LUIS / PLAYA BONITA, orden 89526, salida 2026-05-29, tipo camión C/C, origen AMSA, destino SURPROCESO, conductor Cristóbal Díaz, tracto LJXF34, rampla WQNB33, guías 576760, tarifa flete 410639.'),
('cosecha','viajes_cosecha',172,'Viaje de cosecha ID 172: centro SAN LUIS / PLAYA BONITA, orden 89526, salida 2026-05-29, tipo camión C/C, origen SURPROCESO, destino SEA FLAVORS, conductor Cristóbal Díaz, tracto LJXF34, rampla WQNB33, guías 576945-576946-576947, tarifa flete 410639.'),
('cosecha','viajes_cosecha',173,'Viaje de cosecha ID 173: centro PLAYA BONITA, orden 89528, salida 2026-05-29, tipo camión C/C, origen AMSA, destino SURPROCESO, conductor Sebastián Reyes, tracto NVHC18, rampla SVKR55, guías 576768, tarifa flete 410639.'),
('cosecha','viajes_cosecha',174,'Viaje de cosecha ID 174: centro PLAYA BONITA, orden 89528, salida 2026-05-29, tipo camión C/C, origen SURPROCESO, destino AMSA, conductor Sebastián Reyes, tracto NVHC18, rampla SVKR55, guías 576952, tarifa flete 410639.'),
('cosecha','viajes_cosecha',175,'Viaje de cosecha ID 175: centro SAN LUIS / PLAYA BONITA, orden 89530, salida 2026-05-29, tipo camión C/C, origen AMSA, destino SURPROCESO, conductor Nicolás Fuentes, tracto CVRP26, rampla JQFW99, guías 576770, tarifa flete 410639.'),
('cosecha','viajes_cosecha',176,'Viaje de cosecha ID 176: centro SAN LUIS / PLAYA BONITA, orden 89530, salida 2026-05-29, tipo camión C/C, origen SURPROCESO, destino AMSA, conductor Nicolás Fuentes, tracto CVRP26, rampla JQFW99, guías 576956-576957-576958, tarifa flete 410639.'),
('cosecha','viajes_cosecha',177,'Viaje de cosecha ID 177: centro SAN LUIS, orden 89537, salida 2026-05-31, tipo camión C/C, origen AMSA, destino SURPROCESO, conductor Ignacio Pérez, tracto SYDM77, rampla TXMD44, guías 576885, tarifa flete 410639.'),
('cosecha','viajes_cosecha',178,'Viaje de cosecha ID 178: centro SAN LUIS, orden 89537, salida 2026-05-31, tipo camión C/C, origen SURPROCESO, destino AMSA, conductor Ignacio Pérez, tracto SYDM77, rampla TXMD44, guías 577193-577194, tarifa flete 410639.'),
('cosecha','viajes_cosecha',179,'Viaje de cosecha ID 179: centro SAN LUIS, orden 89539, salida 2026-05-31, tipo camión C/C, origen AMSA, destino SURPROCESO, conductor Valentina Herrera, tracto BXQP61, rampla RPHG66, guías 577049, tarifa flete 410639.'),
('cosecha','viajes_cosecha',180,'Viaje de cosecha ID 180: centro SAN LUIS, orden 89539, salida 2026-05-31, tipo camión C/C, origen SURPROCESO, destino AMSA, conductor Valentina Herrera, tracto BXQP61, rampla RPHG66, guías 577199-577200-577201, tarifa flete 410639.'),
('cosecha','viajes_cosecha',181,'Viaje de cosecha ID 181: centro SAN LUIS, orden 89538, salida 2026-05-31, tipo camión C/C, origen AMSA, destino SURPROCESO, conductor Camila Soto, tracto PKRT52, rampla YLPC22, guías 576884, tarifa flete 410639.'),
('cosecha','viajes_cosecha',182,'Viaje de cosecha ID 182: centro SAN LUIS, orden 89538, salida 2026-05-31, tipo camión C/C, origen SURPROCESO, destino AMSA, conductor Camila Soto, tracto PKRT52, rampla YLPC22, guías 577207, tarifa flete 410639.'),
('mantencion','mantenciones',1,'Mantención ID 1: patente WBKL 14, fecha 2026-06-03, tipo Preventiva, motivo Inspección de neumáticos y alineación, costo repuestos 61784, costo mano de obra 74313, costo total 136097.'),
('mantencion','mantenciones',2,'Mantención ID 2: patente BVRN 76, fecha 2026-06-04, tipo Preventiva, motivo Inspección de neumáticos y alineación, costo repuestos 105990, costo mano de obra 96237, costo total 202227.'),
('mantencion','mantenciones',3,'Mantención ID 3: patente NHGR 36, fecha 2026-06-08, tipo Preventiva, motivo Cambio de aceite y filtros, costo repuestos 63610, costo mano de obra 122778, costo total 186388.'),
('mantencion','mantenciones',4,'Mantención ID 4: patente GSZP 21, fecha 2026-06-08, tipo Preventiva, motivo Revisión sistema de refrigeración, costo repuestos 101032, costo mano de obra 82565, costo total 183597.'),
('mantencion','mantenciones',5,'Mantención ID 5: patente BVRN 76, fecha 2026-06-11, tipo Por evento, motivo Reparación por sobrecalentamiento, costo repuestos 125444, costo mano de obra 144230, costo total 269674.'),
('mantencion','mantenciones',6,'Mantención ID 6: patente WTND 23, fecha 2026-06-13, tipo Por evento, motivo Reparación por falla en frenos, costo repuestos 413036, costo mano de obra 216299, costo total 629335.'),
('mantencion','mantenciones',7,'Mantención ID 7: patente ZKXD 62, fecha 2026-06-15, tipo Preventiva, motivo Chequeo preventivo de suspensión, costo repuestos 48009, costo mano de obra 119166, costo total 167175.'),
('mantencion','mantenciones',8,'Mantención ID 8: patente CJDX 58, fecha 2026-06-17, tipo Por evento, motivo Reparación por sobrecalentamiento, costo repuestos 461517, costo mano de obra 77967, costo total 539484.'),
('mantencion','mantenciones',9,'Mantención ID 9: patente PCKT 11, fecha 2026-06-17, tipo Preventiva, motivo Revisión sistema de refrigeración, costo repuestos 101160, costo mano de obra 100678, costo total 201838.'),
('mantencion','mantenciones',10,'Mantención ID 10: patente CZHM 32, fecha 2026-06-18, tipo Preventiva, motivo Revisión eléctrica preventiva, costo repuestos 109196, costo mano de obra 59256, costo total 168452.'),
('mantencion','mantenciones',11,'Mantención ID 11: patente VXPK 69, fecha 2026-06-18, tipo Por evento, motivo Reparación de embrague, costo repuestos 249790, costo mano de obra 102493, costo total 352283.'),
('mantencion','mantenciones',12,'Mantención ID 12: patente JLTD 91, fecha 2026-06-19, tipo Por evento, motivo Reparación de embrague, costo repuestos 397039, costo mano de obra 165285, costo total 562324.'),
('mantencion','mantenciones',13,'Mantención ID 13: patente WBKL 14, fecha 2026-06-21, tipo Preventiva, motivo Cambio de aceite y filtros, costo repuestos 243916, costo mano de obra 135620, costo total 379536.'),
('mantencion','mantenciones',14,'Mantención ID 14: patente YXCC 50, fecha 2026-06-21, tipo Preventiva, motivo Cambio de aceite y filtros, costo repuestos 73743, costo mano de obra 50033, costo total 123776.'),
('mantencion','mantenciones',15,'Mantención ID 15: patente YXCC 50, fecha 2026-06-21, tipo Por evento, motivo Reparación fuga de aceite, costo repuestos 256038, costo mano de obra 244887, costo total 500925.'),
('mantencion','mantenciones',16,'Mantención ID 16: patente JCCJ 54, fecha 2026-06-24, tipo Preventiva, motivo Revisión sistema de refrigeración, costo repuestos 81747, costo mano de obra 85296, costo total 167043.'),
('mantencion','mantenciones',17,'Mantención ID 17: patente WWHY 41, fecha 2026-06-25, tipo Preventiva, motivo Revisión sistema de refrigeración, costo repuestos 256680, costo mano de obra 83354, costo total 340034.'),
('mantencion','mantenciones',18,'Mantención ID 18: patente JCCJ 54, fecha 2026-06-29, tipo Por evento, motivo Reparación de alternador, costo repuestos 345706, costo mano de obra 154974, costo total 500680.'),
('mantencion','mantenciones',19,'Mantención ID 19: patente WZSK 28, fecha 2026-07-01, tipo Preventiva, motivo Lubricación general de chasis, costo repuestos 256491, costo mano de obra 70306, costo total 326797.'),
('mantencion','mantenciones',20,'Mantención ID 20: patente CSZH 93, fecha 2026-07-01, tipo Preventiva, motivo Chequeo preventivo de suspensión, costo repuestos 48868, costo mano de obra 42224, costo total 91092.'),
('mantencion','mantenciones',21,'Mantención ID 21: patente CJDX 58, fecha 2026-07-02, tipo Por evento, motivo Reparación fuga de aceite, costo repuestos 340043, costo mano de obra 236136, costo total 576179.'),
('mantencion','mantenciones',22,'Mantención ID 22: patente CDDF 59, fecha 2026-07-02, tipo Preventiva, motivo Lubricación general de chasis, costo repuestos 254870, costo mano de obra 44322, costo total 299192.'),
('mantencion','mantenciones',23,'Mantención ID 23: patente CSZH 93, fecha 2026-07-04, tipo Preventiva, motivo Revisión sistema de frenos, costo repuestos 139104, costo mano de obra 75082, costo total 214186.'),
('mantencion','mantenciones',24,'Mantención ID 24: patente VXPK 69, fecha 2026-07-04, tipo Preventiva, motivo Cambio de aceite y filtros, costo repuestos 234292, costo mano de obra 124329, costo total 358621.'),
('mantencion','mantenciones',25,'Mantención ID 25: patente VLHY 82, fecha 2026-07-05, tipo Preventiva, motivo Lubricación general de chasis, costo repuestos 99921, costo mano de obra 117841, costo total 217762.'),
('mantencion','mantenciones',26,'Mantención ID 26: patente JCCJ 54, fecha 2026-07-08, tipo Por evento, motivo Reparación por falla en frenos, costo repuestos 406692, costo mano de obra 104742, costo total 511434.'),
('mantencion','mantenciones',27,'Mantención ID 27: patente ZMZW 30, fecha 2026-07-08, tipo Por evento, motivo Ajuste por vibración en ruta, costo repuestos 238349, costo mano de obra 74242, costo total 312591.'),
('mantencion','mantenciones',28,'Mantención ID 28: patente YXCC 50, fecha 2026-07-09, tipo Por evento, motivo Reparación por sobrecalentamiento, costo repuestos 115789, costo mano de obra 208918, costo total 324707.'),
('mantencion','mantenciones',29,'Mantención ID 29: patente JLTD 91, fecha 2026-07-10, tipo Por evento, motivo Reparación de alternador, costo repuestos 421689, costo mano de obra 97730, costo total 519419.'),
('mantencion','mantenciones',30,'Mantención ID 30: patente NHGR 36, fecha 2026-07-11, tipo Por evento, motivo Reparación por falla en frenos, costo repuestos 180087, costo mano de obra 53414, costo total 233501.'),
('mantencion','mantenciones',31,'Mantención ID 31: patente VSJF 55, fecha 2026-07-11, tipo Preventiva, motivo Inspección de neumáticos y alineación, costo repuestos 193682, costo mano de obra 124098, costo total 317780.'),
('mantencion','mantenciones',32,'Mantención ID 32: patente ZMZW 30, fecha 2026-07-12, tipo Por evento, motivo Reparación por sobrecalentamiento, costo repuestos 60299, costo mano de obra 202009, costo total 262308.'),
('mantencion','mantenciones',33,'Mantención ID 33: patente VXPK 69, fecha 2026-07-14, tipo Preventiva, motivo Mantención programada 10.000 km, costo repuestos 101443, costo mano de obra 130072, costo total 231515.'),
('mantencion','mantenciones',34,'Mantención ID 34: patente CSZH 93, fecha 2026-07-23, tipo Preventiva, motivo Cambio filtro combustible, costo repuestos 137876, costo mano de obra 85519, costo total 223395.'),
('mantencion','mantenciones',35,'Mantención ID 35: patente CSZH 93, fecha 2026-07-25, tipo Por evento, motivo Reparación por sobrecalentamiento, costo repuestos 105580, costo mano de obra 199794, costo total 305374.'),
('mantencion','mantenciones',36,'Mantención ID 36: patente WWHY 41, fecha 2026-07-25, tipo Por evento, motivo Reparación fuga de aceite, costo repuestos 198966, costo mano de obra 183326, costo total 382292.'),
('mantencion','mantenciones',37,'Mantención ID 37: patente CNJF 40, fecha 2026-07-29, tipo Por evento, motivo Cambio de neumático por pinchazo, costo repuestos 259295, costo mano de obra 117869, costo total 377164.'),
('mantencion','mantenciones',38,'Mantención ID 38: patente GSZP 21, fecha 2026-07-29, tipo Preventiva, motivo Cambio filtro combustible, costo repuestos 114521, costo mano de obra 132769, costo total 247290.'),
('mantencion','mantenciones',39,'Mantención ID 39: patente VXPK 69, fecha 2026-07-30, tipo Preventiva, motivo Cambio filtro combustible, costo repuestos 145039, costo mano de obra 108104, costo total 253143.'),
('mantencion','mantenciones',40,'Mantención ID 40: patente CDDF 59, fecha 2026-08-01, tipo Por evento, motivo Reparación por falla en frenos, costo repuestos 86289, costo mano de obra 198138, costo total 284427.'),
('mantencion','mantenciones',41,'Mantención ID 41: patente CDDF 59, fecha 2026-08-02, tipo Preventiva, motivo Diagnóstico preventivo general, costo repuestos 65645, costo mano de obra 41226, costo total 106871.'),
('mantencion','mantenciones',42,'Mantención ID 42: patente RRFK 85, fecha 2026-08-02, tipo Preventiva, motivo Chequeo preventivo de suspensión, costo repuestos 218505, costo mano de obra 124163, costo total 342668.'),
('mantencion','mantenciones',43,'Mantención ID 43: patente NHGR 36, fecha 2026-08-05, tipo Preventiva, motivo Cambio de aceite y filtros, costo repuestos 131619, costo mano de obra 39287, costo total 170906.'),
('mantencion','mantenciones',44,'Mantención ID 44: patente YXCC 50, fecha 2026-08-05, tipo Por evento, motivo Reparación por sobrecalentamiento, costo repuestos 142540, costo mano de obra 59910, costo total 202450.'),
('mantencion','mantenciones',45,'Mantención ID 45: patente VSJF 55, fecha 2026-08-06, tipo Por evento, motivo Ajuste por vibración en ruta, costo repuestos 255779, costo mano de obra 159845, costo total 415624.'),
('mantencion','mantenciones',46,'Mantención ID 46: patente FMVW 96, fecha 2026-08-09, tipo Preventiva, motivo Inspección de neumáticos y alineación, costo repuestos 60331, costo mano de obra 105914, costo total 166245.'),
('mantencion','mantenciones',47,'Mantención ID 47: patente PRXP 81, fecha 2026-08-10, tipo Preventiva, motivo Revisión sistema de frenos, costo repuestos 161164, costo mano de obra 135909, costo total 297073.'),
('mantencion','mantenciones',48,'Mantención ID 48: patente GSZP 21, fecha 2026-08-11, tipo Preventiva, motivo Revisión eléctrica preventiva, costo repuestos 212772, costo mano de obra 120198, costo total 332970.'),
('mantencion','mantenciones',49,'Mantención ID 49: patente RRFK 85, fecha 2026-08-13, tipo Por evento, motivo Reparación de suspensión por desgaste, costo repuestos 511782, costo mano de obra 139800, costo total 651582.'),
('mantencion','mantenciones',50,'Mantención ID 50: patente PLBS 32, fecha 2026-08-14, tipo Preventiva, motivo Chequeo preventivo de suspensión, costo repuestos 186289, costo mano de obra 64438, costo total 250727.');


SET FOREIGN_KEY_CHECKS = 1;

-- Consultas de verificación
SELECT COUNT(*) AS total_materiales_redes FROM viajes_materiales_redes;
SELECT COUNT(*) AS total_cosecha FROM viajes_cosecha;
SELECT COUNT(*) AS total_mantenciones FROM mantenciones;
SELECT COUNT(*) AS total_documentos_rag FROM documentos_rag;
